id	createdAt	rideStatus	rideUpdatedAt	originLat	originLon	destinationLat	destinationLon	rpsId	driverId	driverETA	isAccept
449979	16:28.7	FINISHED	null	36.333454	59.585278	36.263042	59.59551	2002464918	13746948	3	0
449979	16:28.7	FINISHED	null	36.333454	59.585278	36.263042	59.59551	2002464979	7898320	6	1
450064	28:29.2	DRIVER_NOT_FOUND	31:55.3	36.284245	59.6123	36.27664	59.600246	1989499487	14343309	5	0
450064	28:29.2	DRIVER_NOT_FOUND	31:55.3	36.284245	59.6123	36.27664	59.600246	1989502032	14343309	5	0
450064	28:29.2	DRIVER_NOT_FOUND	31:55.3	36.284245	59.6123	36.27664	59.600246	1989512973	10705880	5	0
450064	28:29.2	DRIVER_NOT_FOUND	31:55.3	36.284245	59.6123	36.27664	59.600246	1989515415	10705880	5	0
450319	46:02.7	CANCELED	00:14.6	35.74461996	51.41494609	35.75560332	51.48088217	1820849219	8878613	3	0
450319	46:02.7	CANCELED	00:14.6	35.74461996	51.41494609	35.75560332	51.48088217	1820849776	6524822	7	0
450319	46:02.7	CANCELED	00:14.6	35.74461996	51.41494609	35.75560332	51.48088217	1820851582	6169736	4	1
450319	46:02.7	CANCELED	00:14.6	35.74461996	51.41494609	35.75560332	51.48088217	1820851635	9141724	8	0
450515	44:42.7	FINISHED	null	36.31369	59.547718	36.28095	59.59152	2059135153	10347273	4	0
450515	44:42.7	FINISHED	null	36.31369	59.547718	36.28095	59.59152	2059135488	2350334	5	1
450606	58:02.1	FINISHED	null	36.370934	59.512543	36.372746	59.50753	1848910907	4731941	2	0
450606	58:02.1	FINISHED	null	36.370934	59.512543	36.372746	59.50753	1848910999	13428807	3	0
450606	58:02.1	FINISHED	null	36.370934	59.512543	36.372746	59.50753	1848911017	2968986	4	0
450606	58:02.1	FINISHED	null	36.370934	59.512543	36.372746	59.50753	1848911034	3359165	4	0
450606	58:02.1	FINISHED	null	36.370934	59.512543	36.372746	59.50753	1848911048	9108656	4	0
450606	58:02.1	FINISHED	null	36.370934	59.512543	36.372746	59.50753	1848912031	8912224	3	0
450606	58:02.1	FINISHED	null	36.370934	59.512543	36.372746	59.50753	1848912134	11000373	4	0
450606	58:02.1	FINISHED	null	36.370934	59.512543	36.372746	59.50753	1848912163	11851061	5	0
450606	58:02.1	FINISHED	null	36.370934	59.512543	36.372746	59.50753	1848912175	10472621	5	0
450606	58:02.1	FINISHED	null	36.370934	59.512543	36.372746	59.50753	1848913114	4209348	5	0
450606	58:02.1	FINISHED	null	36.370934	59.512543	36.372746	59.50753	1848913225	4838579	5	0
450606	58:02.1	FINISHED	null	36.370934	59.512543	36.372746	59.50753	1848913259	13925511	5	0
450606	58:02.1	FINISHED	null	36.370934	59.512543	36.372746	59.50753	1848913268	8105166	5	0
450606	58:02.1	FINISHED	null	36.370934	59.512543	36.372746	59.50753	1848914191	3145093	3	1
450606	58:02.1	FINISHED	null	36.370934	59.512543	36.372746	59.50753	1848914276	2968986	4	0
450606	58:02.1	FINISHED	null	36.370934	59.512543	36.372746	59.50753	1848914305	9108656	4	0
450606	58:02.1	FINISHED	null	36.370934	59.512543	36.372746	59.50753	1848914320	11000373	4	0
450977	10:35.7	CANCELED	11:48.0	35.728012	51.46064	35.72056	51.488293	1822233334	10616224	4	0
450977	10:35.7	CANCELED	11:48.0	35.728012	51.46064	35.72056	51.488293	1822233396	55989	4	0
450977	10:35.7	CANCELED	11:48.0	35.728012	51.46064	35.72056	51.488293	1822233444	11844217	5	0
450977	10:35.7	CANCELED	11:48.0	35.728012	51.46064	35.72056	51.488293	1822233509	8796311	5	0
450977	10:35.7	CANCELED	11:48.0	35.728012	51.46064	35.72056	51.488293	1822233564	10593240	5	0
450977	10:35.7	CANCELED	11:48.0	35.728012	51.46064	35.72056	51.488293	1822236221	8281492	5	0
450977	10:35.7	CANCELED	11:48.0	35.728012	51.46064	35.72056	51.488293	1822236267	10769780	5	0
450977	10:35.7	CANCELED	11:48.0	35.728012	51.46064	35.72056	51.488293	1822236354	8086092	5	0
450977	10:35.7	CANCELED	11:48.0	35.728012	51.46064	35.72056	51.488293	1822236401	5256339	6	0
450977	10:35.7	CANCELED	11:48.0	35.728012	51.46064	35.72056	51.488293	1822236453	13059728	6	0
450977	10:35.7	CANCELED	11:48.0	35.728012	51.46064	35.72056	51.488293	1822239019	13976462	4	0
450977	10:35.7	CANCELED	11:48.0	35.728012	51.46064	35.72056	51.488293	1822239472	9406218	6	0
450977	10:35.7	CANCELED	11:48.0	35.728012	51.46064	35.72056	51.488293	1822239539	6935756	6	1
450977	10:35.7	CANCELED	11:48.0	35.728012	51.46064	35.72056	51.488293	1822239628	4639958	7	0
451010	13:59.8	FINISHED	null	35.777622	51.488323	35.771564	51.487774	1955250289	5239980	1	0
451010	13:59.8	FINISHED	null	35.777622	51.488323	35.771564	51.487774	1955250307	13156362	1	1
451010	13:59.8	FINISHED	null	35.777622	51.488323	35.771564	51.487774	1955250681	9309774	2	0
451010	13:59.8	FINISHED	null	35.777622	51.488323	35.771564	51.487774	1955250711	6223516	3	0
451064	33:39.6	FINISHED	null	35.693474	51.42484	35.747116	51.501003	1920683617	6113421	1	0
451064	33:39.6	FINISHED	null	35.693474	51.42484	35.747116	51.501003	1920684605	9675055	3	0
451064	33:39.6	FINISHED	null	35.693474	51.42484	35.747116	51.501003	1920684644	12225166	1	0
451064	33:39.6	FINISHED	null	35.693474	51.42484	35.747116	51.501003	1920685389	2467907	4	0
451064	33:39.6	FINISHED	null	35.693474	51.42484	35.747116	51.501003	1920686558	9281384	2	0
451064	33:39.6	FINISHED	null	35.693474	51.42484	35.747116	51.501003	1920687500	3845162	3	1
451064	33:39.6	FINISHED	null	35.693474	51.42484	35.747116	51.501003	1920687650	8262798	4	0
451064	33:39.6	FINISHED	null	35.693474	51.42484	35.747116	51.501003	1920687729	5372416	4	0
451064	33:39.6	FINISHED	null	35.693474	51.42484	35.747116	51.501003	1920688679	1721796	4	0
451064	33:39.6	FINISHED	null	35.693474	51.42484	35.747116	51.501003	1920689606	10323501	5	1
451064	33:39.6	FINISHED	null	35.693474	51.42484	35.747116	51.501003	1920690499	3570328	6	0
451064	33:39.6	FINISHED	null	35.693474	51.42484	35.747116	51.501003	1920690697	2473091	4	0
451064	33:39.6	FINISHED	null	35.693474	51.42484	35.747116	51.501003	1920690785	4721443	4	0
451092	54:02.0	FINISHED	null	35.660545	51.30865	35.64807	51.33628	2025920845	10828005	0	1
451092	54:02.0	FINISHED	null	35.660545	51.30865	35.64807	51.33628	2025921640	10905705	2	0
451093	15:10.6	FINISHED	null	36.31141	59.5817	36.31306	59.5452	1838282033	14082693	4	0
451093	15:10.6	FINISHED	null	36.31141	59.5817	36.31306	59.5452	1838282067	5781930	4	0
451093	15:10.6	FINISHED	null	36.31141	59.5817	36.31306	59.5452	1838282121	6159820	4	0
451093	15:10.6	FINISHED	null	36.31141	59.5817	36.31306	59.5452	1838284533	6875826	2	1
451093	15:10.6	FINISHED	null	36.31141	59.5817	36.31306	59.5452	1838284597	12409791	3	0
451093	15:10.6	FINISHED	null	36.31141	59.5817	36.31306	59.5452	1838284769	11854779	4	1
451093	15:10.6	FINISHED	null	36.31141	59.5817	36.31306	59.5452	1838284874	7486312	5	0
451093	15:10.6	FINISHED	null	36.31141	59.5817	36.31306	59.5452	1838285061	8079620	5	0
451107	02:06.2	FINISHED	null	29.590727	52.55983	29.591574	52.48663	2030615574	13647428	4	1
451107	02:06.2	FINISHED	null	29.590727	52.55983	29.591574	52.48663	2030615586	14332743	4	1
451107	02:06.2	FINISHED	null	29.590727	52.55983	29.591574	52.48663	2030615600	14763065	4	0
451107	02:06.2	FINISHED	null	29.590727	52.55983	29.591574	52.48663	2030615626	4075232	4	1
451107	02:06.2	FINISHED	null	29.590727	52.55983	29.591574	52.48663	2030615638	4035923	4	0
451178	24:00.4	FINISHED	null	32.62684	51.70602	32.634396	51.68524	2068863456	5804475	3	0
451178	24:00.4	FINISHED	null	32.62684	51.70602	32.634396	51.68524	2068863459	3221048	3	0
451178	24:00.4	FINISHED	null	32.62684	51.70602	32.634396	51.68524	2068863653	6391055	4	1
451235	00:32.9	FINISHED	null	35.743874	51.51552	35.743763	51.516018	1950277296	10728999	1	0
451235	00:32.9	FINISHED	null	35.743874	51.51552	35.743763	51.516018	1950277491	12091597	2	0
451235	00:32.9	FINISHED	null	35.743874	51.51552	35.743763	51.516018	1950277541	7216521	3	0
451235	00:32.9	FINISHED	null	35.743874	51.51552	35.743763	51.516018	1950277676	4482532	3	0
451235	00:32.9	FINISHED	null	35.743874	51.51552	35.743763	51.516018	1950277698	13601333	3	1
451287	40:40.2	FINISHED	null	35.774162	51.377247	35.65592	51.340412	1994160952	13471374	2	0
451287	40:40.2	FINISHED	null	35.774162	51.377247	35.65592	51.340412	1994160976	6244980	3	0
451287	40:40.2	FINISHED	null	35.774162	51.377247	35.65592	51.340412	1994161009	10994295	3	0
451287	40:40.2	FINISHED	null	35.774162	51.377247	35.65592	51.340412	1994161029	328223	3	0
451287	40:40.2	FINISHED	null	35.774162	51.377247	35.65592	51.340412	1994163062	7420305	2	0
451287	40:40.2	FINISHED	null	35.774162	51.377247	35.65592	51.340412	1994163099	9880994	2	0
451287	40:40.2	FINISHED	null	35.774162	51.377247	35.65592	51.340412	1994163136	12653616	2	0
451287	40:40.2	FINISHED	null	35.774162	51.377247	35.65592	51.340412	1994165160	12483614	2	0
451287	40:40.2	FINISHED	null	35.774162	51.377247	35.65592	51.340412	1994165198	465976	3	0
451287	40:40.2	FINISHED	null	35.774162	51.377247	35.65592	51.340412	1994165221	4271197	3	0
451287	40:40.2	FINISHED	null	35.774162	51.377247	35.65592	51.340412	1994165347	11058649	3	0
451287	40:40.2	FINISHED	null	35.774162	51.377247	35.65592	51.340412	1994167335	9117898	3	0
451287	40:40.2	FINISHED	null	35.774162	51.377247	35.65592	51.340412	1994167388	5539985	3	0
451287	40:40.2	FINISHED	null	35.774162	51.377247	35.65592	51.340412	1994167433	3653956	3	0
451287	40:40.2	FINISHED	null	35.774162	51.377247	35.65592	51.340412	1994167458	808980	3	0
451287	40:40.2	FINISHED	null	35.774162	51.377247	35.65592	51.340412	1994167514	6123731	3	0
451287	40:40.2	FINISHED	null	35.774162	51.377247	35.65592	51.340412	1994169638	6232605	4	0
451287	40:40.2	FINISHED	null	35.774162	51.377247	35.65592	51.340412	1994169668	14294841	4	0
451287	40:40.2	FINISHED	null	35.774162	51.377247	35.65592	51.340412	1994169683	13591528	4	0
451287	40:40.2	FINISHED	null	35.774162	51.377247	35.65592	51.340412	1994169711	1344665	4	0
451287	40:40.2	FINISHED	null	35.774162	51.377247	35.65592	51.340412	1994169757	1688940	4	0
451287	40:40.2	FINISHED	null	35.774162	51.377247	35.65592	51.340412	1994171782	5900895	4	0
451287	40:40.2	FINISHED	null	35.774162	51.377247	35.65592	51.340412	1994171808	5628184	4	0
451287	40:40.2	FINISHED	null	35.774162	51.377247	35.65592	51.340412	1994171858	3150042	4	0
451287	40:40.2	FINISHED	null	35.774162	51.377247	35.65592	51.340412	1994171872	7108808	4	0
451287	40:40.2	FINISHED	null	35.774162	51.377247	35.65592	51.340412	1994171888	9146072	4	0
451287	40:40.2	FINISHED	null	35.774162	51.377247	35.65592	51.340412	1994174032	13747424	4	0
451287	40:40.2	FINISHED	null	35.774162	51.377247	35.65592	51.340412	1994174068	9776050	4	0
451287	40:40.2	FINISHED	null	35.774162	51.377247	35.65592	51.340412	1994174083	7201598	4	1
451287	40:40.2	FINISHED	null	35.774162	51.377247	35.65592	51.340412	1994174150	13544569	4	0
451300	51:55.5	FINISHED	null	35.767204	51.477146	35.73316	51.52517	2036270902	9065055	5	0
451300	51:55.5	FINISHED	null	35.767204	51.477146	35.73316	51.52517	2036270929	8999351	5	0
451300	51:55.5	FINISHED	null	35.767204	51.477146	35.73316	51.52517	2036271007	6351062	6	0
451300	51:55.5	FINISHED	null	35.767204	51.477146	35.73316	51.52517	2036271066	9085972	5	0
451300	51:55.5	FINISHED	null	35.767204	51.477146	35.73316	51.52517	2036273211	12854749	3	0
451300	51:55.5	FINISHED	null	35.767204	51.477146	35.73316	51.52517	2036274015	8336169	6	0
451300	51:55.5	FINISHED	null	35.767204	51.477146	35.73316	51.52517	2036274060	14143984	6	0
451300	51:55.5	FINISHED	null	35.767204	51.477146	35.73316	51.52517	2036275430	2347030	1	1
451321	01:21.8	DRIVER_NOT_FOUND	04:45.1	36.286106	59.563488	36.319157	59.603333	1959378181	6316760	5	0
451321	01:21.8	DRIVER_NOT_FOUND	04:45.1	36.286106	59.563488	36.319157	59.603333	1959380507	6316760	5	0
451321	01:21.8	DRIVER_NOT_FOUND	04:45.1	36.286106	59.563488	36.319157	59.603333	1959382239	9144909	2	0
451321	01:21.8	DRIVER_NOT_FOUND	04:45.1	36.286106	59.563488	36.319157	59.603333	1959385519	6183682	4	0
451321	01:21.8	DRIVER_NOT_FOUND	04:45.1	36.286106	59.563488	36.319157	59.603333	1959387623	9144909	2	0
451321	01:21.8	DRIVER_NOT_FOUND	04:45.1	36.286106	59.563488	36.319157	59.603333	1959388118	4008651	3	0
451321	01:21.8	DRIVER_NOT_FOUND	04:45.1	36.286106	59.563488	36.319157	59.603333	1959389666	2371272	4	0
451321	01:21.8	DRIVER_NOT_FOUND	04:45.1	36.286106	59.563488	36.319157	59.603333	1959396264	13790489	5	0
451321	01:21.8	DRIVER_NOT_FOUND	04:45.1	36.286106	59.563488	36.319157	59.603333	1959396289	4008651	3	0
451321	01:21.8	DRIVER_NOT_FOUND	04:45.1	36.286106	59.563488	36.319157	59.603333	1959396780	9831208	5	0
451321	01:21.8	DRIVER_NOT_FOUND	04:45.1	36.286106	59.563488	36.319157	59.603333	1959398106	13790489	5	0
451466	48:32.7	FINISHED	null	35.73306	51.29999	35.667305	51.319744	2014112171	12344472	1	0
451466	48:32.7	FINISHED	null	35.73306	51.29999	35.667305	51.319744	2014112531	6880636	2	0
451466	48:32.7	FINISHED	null	35.73306	51.29999	35.667305	51.319744	2014112677	5191528	2	0
451466	48:32.7	FINISHED	null	35.73306	51.29999	35.667305	51.319744	2014112735	7708803	3	0
451466	48:32.7	FINISHED	null	35.73306	51.29999	35.667305	51.319744	2014114149	11223870	3	0
451466	48:32.7	FINISHED	null	35.73306	51.29999	35.667305	51.319744	2014114410	2243348	4	0
451466	48:32.7	FINISHED	null	35.73306	51.29999	35.667305	51.319744	2014114584	13245194	4	0
451466	48:32.7	FINISHED	null	35.73306	51.29999	35.667305	51.319744	2014114609	6120762	4	1
451466	48:32.7	FINISHED	null	35.73306	51.29999	35.667305	51.319744	2014114633	10620181	4	0
451510	46:14.1	FINISHED	null	36.31536	59.52154	36.28837	59.511726	1933426664	10479932	3	0
451510	46:14.1	FINISHED	null	36.31536	59.52154	36.28837	59.511726	1933429493	14289625	1	0
451510	46:14.1	FINISHED	null	36.31536	59.52154	36.28837	59.511726	1933429867	3945359	6	0
451510	46:14.1	FINISHED	null	36.31536	59.52154	36.28837	59.511726	1933431833	3291820	5	0
451510	46:14.1	FINISHED	null	36.31536	59.52154	36.28837	59.511726	1933431924	8622696	2	0
451510	46:14.1	FINISHED	null	36.31536	59.52154	36.28837	59.511726	1933432884	3945359	6	0
451510	46:14.1	FINISHED	null	36.31536	59.52154	36.28837	59.511726	1933433880	14385751	2	0
451510	46:14.1	FINISHED	null	36.31536	59.52154	36.28837	59.511726	1933434607	10685553	6	0
451510	46:14.1	FINISHED	null	36.31536	59.52154	36.28837	59.511726	1933434673	8622696	2	0
451510	46:14.1	FINISHED	null	36.31536	59.52154	36.28837	59.511726	1933437601	10685553	6	0
451510	46:14.1	FINISHED	null	36.31536	59.52154	36.28837	59.511726	1933438572	14332355	5	0
451510	46:14.1	FINISHED	null	36.31536	59.52154	36.28837	59.511726	1933438620	11930328	5	0
451510	46:14.1	FINISHED	null	36.31536	59.52154	36.28837	59.511726	1933438654	14289625	1	0
451510	46:14.1	FINISHED	null	36.31536	59.52154	36.28837	59.511726	1933441369	10632020	5	0
451510	46:14.1	FINISHED	null	36.31536	59.52154	36.28837	59.511726	1933441407	14332355	4	0
451510	46:14.1	FINISHED	null	36.31536	59.52154	36.28837	59.511726	1933441511	11930328	5	0
451510	46:14.1	FINISHED	null	36.31536	59.52154	36.28837	59.511726	1933443152	10518829	4	0
451510	46:14.1	FINISHED	null	36.31536	59.52154	36.28837	59.511726	1933444077	13233752	1	0
451510	46:14.1	FINISHED	null	36.31536	59.52154	36.28837	59.511726	1933445060	12002176	6	0
451510	46:14.1	FINISHED	null	36.31536	59.52154	36.28837	59.511726	1933446958	14385751	5	0
451510	46:14.1	FINISHED	null	36.31536	59.52154	36.28837	59.511726	1933449136	4599845	4	1
451510	46:14.1	FINISHED	null	36.31536	59.52154	36.28837	59.511726	1933450094	4932035	6	0
451638	43:10.1	FINISHED	null	36.31324	59.506718	36.3127779	59.5028643	2067147829	4633446	4	0
451638	43:10.1	FINISHED	null	36.31324	59.506718	36.3127779	59.5028643	2067147846	14420133	4	0
451638	43:10.1	FINISHED	null	36.31324	59.506718	36.3127779	59.5028643	2067147872	3822660	4	0
451638	43:10.1	FINISHED	null	36.31324	59.506718	36.3127779	59.5028643	2067147895	7017162	5	0
451638	43:10.1	FINISHED	null	36.31324	59.506718	36.3127779	59.5028643	2067149992	11788953	1	0
451638	43:10.1	FINISHED	null	36.31324	59.506718	36.3127779	59.5028643	2067150020	9099005	2	0
451638	43:10.1	FINISHED	null	36.31324	59.506718	36.3127779	59.5028643	2067150033	4991716	2	0
451638	43:10.1	FINISHED	null	36.31324	59.506718	36.3127779	59.5028643	2067151784	5732201	4	0
451638	43:10.1	FINISHED	null	36.31324	59.506718	36.3127779	59.5028643	2067151895	9767134	4	0
451638	43:10.1	FINISHED	null	36.31324	59.506718	36.3127779	59.5028643	2067151918	9241579	2	0
451638	43:10.1	FINISHED	null	36.31324	59.506718	36.3127779	59.5028643	2067152113	14815613	3	0
451638	43:10.1	FINISHED	null	36.31324	59.506718	36.3127779	59.5028643	2067153846	11729933	3	0
451638	43:10.1	FINISHED	null	36.31324	59.506718	36.3127779	59.5028643	2067153920	6381981	4	0
451638	43:10.1	FINISHED	null	36.31324	59.506718	36.3127779	59.5028643	2067154057	7094765	5	0
451638	43:10.1	FINISHED	null	36.31324	59.506718	36.3127779	59.5028643	2067155644	4996530	3	0
451638	43:10.1	FINISHED	null	36.31324	59.506718	36.3127779	59.5028643	2067155730	8190901	4	0
451638	43:10.1	FINISHED	null	36.31324	59.506718	36.3127779	59.5028643	2067155981	14285755	5	0
451638	43:10.1	FINISHED	null	36.31324	59.506718	36.3127779	59.5028643	2067155992	4263036	5	0
451638	43:10.1	FINISHED	null	36.31324	59.506718	36.3127779	59.5028643	2067158082	10298034	5	0
451638	43:10.1	FINISHED	null	36.31324	59.506718	36.3127779	59.5028643	2067158106	13371873	5	0
451638	43:10.1	FINISHED	null	36.31324	59.506718	36.3127779	59.5028643	2067158118	3207872	6	0
451638	43:10.1	FINISHED	null	36.31324	59.506718	36.3127779	59.5028643	2067159295	7806356	1	0
451638	43:10.1	FINISHED	null	36.31324	59.506718	36.3127779	59.5028643	2067159938	12485527	3	1
451638	43:10.1	FINISHED	null	36.31324	59.506718	36.3127779	59.5028643	2067160352	4463670	6	0
451638	43:10.1	FINISHED	null	36.31324	59.506718	36.3127779	59.5028643	2067161110	9516056	6	0
451768	13:18.7	CANCELED	15:36.3	35.74599	51.376045	35.7461	51.48787	2041217229	6241910	3	1
451768	13:18.7	CANCELED	15:36.3	35.74599	51.376045	35.7461	51.48787	2041217470	9246655	7	0
451789	34:37.1	FINISHED	null	35.79968	51.001568	35.833767	51.004597	1978325127	6968688	0	1
451789	34:37.1	FINISHED	null	35.79968	51.001568	35.833767	51.004597	1978325512	6222410	2	0
451789	34:37.1	FINISHED	null	35.79968	51.001568	35.833767	51.004597	1978325517	6458567	2	0
451789	34:37.1	FINISHED	null	35.79968	51.001568	35.833767	51.004597	1978325522	1619920	2	0
451789	34:37.1	FINISHED	null	35.79968	51.001568	35.833767	51.004597	1978325568	9764959	3	0
451789	34:37.1	FINISHED	null	35.79968	51.001568	35.833767	51.004597	1978326285	1549838	3	0
452109	41:30.4	FINISHED	null	35.73139	51.332943	35.685246	51.370705	1837378315	2128622	4	0
452109	41:30.4	FINISHED	null	35.73139	51.332943	35.685246	51.370705	1837378358	6200194	4	0
452109	41:30.4	FINISHED	null	35.73139	51.332943	35.685246	51.370705	1837378417	8041166	4	0
452109	41:30.4	FINISHED	null	35.73139	51.332943	35.685246	51.370705	1837378451	10992926	5	0
452109	41:30.4	FINISHED	null	35.73139	51.332943	35.685246	51.370705	1837378474	13179173	3	1
452109	41:30.4	FINISHED	null	35.73139	51.332943	35.685246	51.370705	1837380122	6461412	3	0
452109	41:30.4	FINISHED	null	35.73139	51.332943	35.685246	51.370705	1837380256	2736384	3	0
452109	41:30.4	FINISHED	null	35.73139	51.332943	35.685246	51.370705	1837380306	13176900	4	0
452110	49:28.7	FINISHED	null	35.71136	51.40436	35.737934	51.284332	1887731917	11178670	1	1
452110	49:28.7	FINISHED	null	35.71136	51.40436	35.737934	51.284332	1887732376	5349254	2	0
452110	49:28.7	FINISHED	null	35.71136	51.40436	35.737934	51.284332	1887732391	2311449	2	1
452110	49:28.7	FINISHED	null	35.71136	51.40436	35.737934	51.284332	1887732419	5983513	3	0
452110	49:28.7	FINISHED	null	35.71136	51.40436	35.737934	51.284332	1887732453	1731821	3	0
452126	38:08.9	FINISHED	null	32.680527	51.536594	32.704113	51.521732	1841262860	6329751	1	0
452126	38:08.9	FINISHED	null	32.680527	51.536594	32.704113	51.521732	1841263644	4245911	3	0
452126	38:08.9	FINISHED	null	32.680527	51.536594	32.704113	51.521732	1841263811	13901420	3	0
452126	38:08.9	FINISHED	null	32.680527	51.536594	32.704113	51.521732	1841263830	12469669	4	0
452126	38:08.9	FINISHED	null	32.680527	51.536594	32.704113	51.521732	1841263865	6288254	5	0
452126	38:08.9	FINISHED	null	32.680527	51.536594	32.704113	51.521732	1841266137	3570268	4	0
452126	38:08.9	FINISHED	null	32.680527	51.536594	32.704113	51.521732	1841266279	4917166	5	0
452126	38:08.9	FINISHED	null	32.680527	51.536594	32.704113	51.521732	1841266340	6329751	1	0
452126	38:08.9	FINISHED	null	32.680527	51.536594	32.704113	51.521732	1841267724	8037587	1	0
452126	38:08.9	FINISHED	null	32.680527	51.536594	32.704113	51.521732	1841268511	8097154	4	0
452126	38:08.9	FINISHED	null	32.680527	51.536594	32.704113	51.521732	1841268675	4245911	3	0
452126	38:08.9	FINISHED	null	32.680527	51.536594	32.704113	51.521732	1841268809	13901420	3	1
452126	38:08.9	FINISHED	null	32.680527	51.536594	32.704113	51.521732	1841268888	3570268	4	0
452137	13:59.9	DRIVER_NOT_FOUND	17:25.2	32.65278115	51.6796818	32.63337036	51.69108152	1821660469	13638038	4	0
452137	13:59.9	DRIVER_NOT_FOUND	17:25.2	32.65278115	51.6796818	32.63337036	51.69108152	1821660619	3357053	4	0
452137	13:59.9	DRIVER_NOT_FOUND	17:25.2	32.65278115	51.6796818	32.63337036	51.69108152	1821662876	3357053	4	0
452137	13:59.9	DRIVER_NOT_FOUND	17:25.2	32.65278115	51.6796818	32.63337036	51.69108152	1821664547	6491846	6	0
452137	13:59.9	DRIVER_NOT_FOUND	17:25.2	32.65278115	51.6796818	32.63337036	51.69108152	1821672866	6491846	6	0
452205	20:42.9	GIVE_UP	22:43.0	35.78579	51.45957	35.761524	51.422924	1854263055	12267818	2	0
452205	20:42.9	GIVE_UP	22:43.0	35.78579	51.45957	35.761524	51.422924	1854263120	9140055	2	0
452205	20:42.9	GIVE_UP	22:43.0	35.78579	51.45957	35.761524	51.422924	1854263170	13792138	3	0
452205	20:42.9	GIVE_UP	22:43.0	35.78579	51.45957	35.761524	51.422924	1854263239	13950534	3	0
452205	20:42.9	GIVE_UP	22:43.0	35.78579	51.45957	35.761524	51.422924	1854265605	5287766	3	0
452205	20:42.9	GIVE_UP	22:43.0	35.78579	51.45957	35.761524	51.422924	1854265632	9847700	4	0
452205	20:42.9	GIVE_UP	22:43.0	35.78579	51.45957	35.761524	51.422924	1854268070	4855906	1	0
452205	20:42.9	GIVE_UP	22:43.0	35.78579	51.45957	35.761524	51.422924	1854268370	9204249	2	0
452205	20:42.9	GIVE_UP	22:43.0	35.78579	51.45957	35.761524	51.422924	1854269071	8460680	4	0
452205	20:42.9	GIVE_UP	22:43.0	35.78579	51.45957	35.761524	51.422924	1854269126	6281181	4	0
452205	20:42.9	GIVE_UP	22:43.0	35.78579	51.45957	35.761524	51.422924	1854269188	637930	4	0
452205	20:42.9	GIVE_UP	22:43.0	35.78579	51.45957	35.761524	51.422924	1854270523	13881295	3	0
452205	20:42.9	GIVE_UP	22:43.0	35.78579	51.45957	35.761524	51.422924	1854270781	4624534	3	0
452205	20:42.9	GIVE_UP	22:43.0	35.78579	51.45957	35.761524	51.422924	1854271525	7147242	5	0
452205	20:42.9	GIVE_UP	22:43.0	35.78579	51.45957	35.761524	51.422924	1854271556	7578704	5	0
452205	20:42.9	GIVE_UP	22:43.0	35.78579	51.45957	35.761524	51.422924	1854271605	1811689	5	0
452205	20:42.9	GIVE_UP	22:43.0	35.78579	51.45957	35.761524	51.422924	1854272978	11054429	3	0
452205	20:42.9	GIVE_UP	22:43.0	35.78579	51.45957	35.761524	51.422924	1854273693	12089965	5	0
452205	20:42.9	GIVE_UP	22:43.0	35.78579	51.45957	35.761524	51.422924	1854273937	3653518	5	0
452205	20:42.9	GIVE_UP	22:43.0	35.78579	51.45957	35.761524	51.422924	1854273999	12961028	5	0
452205	20:42.9	GIVE_UP	22:43.0	35.78579	51.45957	35.761524	51.422924	1854276043	7610744	4	0
452205	20:42.9	GIVE_UP	22:43.0	35.78579	51.45957	35.761524	51.422924	1854276255	8536796	5	0
452205	20:42.9	GIVE_UP	22:43.0	35.78579	51.45957	35.761524	51.422924	1854276285	11579005	5	0
452205	20:42.9	GIVE_UP	22:43.0	35.78579	51.45957	35.761524	51.422924	1854276319	4226258	5	0
452205	20:42.9	GIVE_UP	22:43.0	35.78579	51.45957	35.761524	51.422924	1854278569	11042066	5	0
452205	20:42.9	GIVE_UP	22:43.0	35.78579	51.45957	35.761524	51.422924	1854280766	11151444	4	1
452205	20:42.9	GIVE_UP	22:43.0	35.78579	51.45957	35.761524	51.422924	1854281408	6259332	4	0
452528	44:12.0	FINISHED	null	31.908731	54.34632	31.887241	54.33507	2033992025	7089963	3	0
452528	44:12.0	FINISHED	null	31.908731	54.34632	31.887241	54.33507	2033992159	14734098	4	0
452528	44:12.0	FINISHED	null	31.908731	54.34632	31.887241	54.33507	2034019731	8188955	4	0
452528	44:12.0	FINISHED	null	31.908731	54.34632	31.887241	54.33507	2034022468	1212801	4	1
452528	44:12.0	FINISHED	null	31.908731	54.34632	31.887241	54.33507	2034022481	8188955	4	0
452638	40:27.3	FINISHED	null	37.3038	49.59948	37.271954	49.571033	1970198264	5046450	5	0
452638	40:27.3	FINISHED	null	37.3038	49.59948	37.271954	49.571033	1970199642	10618299	2	0
452638	40:27.3	FINISHED	null	37.3038	49.59948	37.271954	49.571033	1970202177	6955402	5	0
452638	40:27.3	FINISHED	null	37.3038	49.59948	37.271954	49.571033	1970202916	8044876	4	1
452659	19:34.4	GIVE_UP	21:32.9	29.6081	52.541794	29.630741	52.50258	1985784923	3148261	5	0
452659	19:34.4	GIVE_UP	21:32.9	29.6081	52.541794	29.630741	52.50258	1985784931	4334658	5	0
452659	19:34.4	GIVE_UP	21:32.9	29.6081	52.541794	29.630741	52.50258	1985784945	14135255	6	0
452659	19:34.4	GIVE_UP	21:32.9	29.6081	52.541794	29.630741	52.50258	1985791853	13420370	5	0
452659	19:34.4	GIVE_UP	21:32.9	29.6081	52.541794	29.630741	52.50258	1985793457	8310285	5	0
452659	19:34.4	GIVE_UP	21:32.9	29.6081	52.541794	29.630741	52.50258	1985794876	13420370	4	0
452673	31:31.7	FINISHED	null	35.790646	50.998848	35.74037	51.019253	1999587875	1739620	3	0
452673	31:31.7	FINISHED	null	35.790646	50.998848	35.74037	51.019253	1999587876	8462790	4	0
452673	31:31.7	FINISHED	null	35.790646	50.998848	35.74037	51.019253	1999587877	11100678	4	0
452673	31:31.7	FINISHED	null	35.790646	50.998848	35.74037	51.019253	1999587887	5782195	5	0
452673	31:31.7	FINISHED	null	35.790646	50.998848	35.74037	51.019253	1999588091	8124655	5	0
452673	31:31.7	FINISHED	null	35.790646	50.998848	35.74037	51.019253	1999588099	6687622	5	1
452673	31:31.7	FINISHED	null	35.790646	50.998848	35.74037	51.019253	1999588100	1739620	3	0
452673	31:31.7	FINISHED	null	35.790646	50.998848	35.74037	51.019253	1999588154	2531574	4	0
452686	42:43.0	FINISHED	null	35.71958	51.312405	35.67576	51.3285	1840798768	8844649	2	0
452686	42:43.0	FINISHED	null	35.71958	51.312405	35.67576	51.3285	1840798977	5810903	3	0
452686	42:43.0	FINISHED	null	35.71958	51.312405	35.67576	51.3285	1840799016	8843827	3	0
452686	42:43.0	FINISHED	null	35.71958	51.312405	35.67576	51.3285	1840799052	747969	5	0
452686	42:43.0	FINISHED	null	35.71958	51.312405	35.67576	51.3285	1840800867	5187346	2	1
452686	42:43.0	FINISHED	null	35.71958	51.312405	35.67576	51.3285	1840801006	3987942	3	0
452686	42:43.0	FINISHED	null	35.71958	51.312405	35.67576	51.3285	1840801104	11131578	3	0
452686	42:43.0	FINISHED	null	35.71958	51.312405	35.67576	51.3285	1840801472	10769923	5	0
452686	42:43.0	FINISHED	null	35.71958	51.312405	35.67576	51.3285	1840801523	7655314	5	0
452819	04:19.4	FINISHED	null	36.324978	59.601112	36.322285	59.61493	1868171723	9178503	4	0
452819	04:19.4	FINISHED	null	36.324978	59.601112	36.322285	59.61493	1868171921	4487770	3	0
452819	04:19.4	FINISHED	null	36.324978	59.601112	36.322285	59.61493	1868172435	6159180	5	0
452819	04:19.4	FINISHED	null	36.324978	59.601112	36.322285	59.61493	1868172447	11122162	5	0
452819	04:19.4	FINISHED	null	36.324978	59.601112	36.322285	59.61493	1868172476	9042366	5	1
452819	04:19.4	FINISHED	null	36.324978	59.601112	36.322285	59.61493	1868173431	4791845	6	0
452872	14:18.5	CANCELED	15:29.5	36.359158	59.548527	36.341324	59.584606	1852481014	5400612	4	0
452872	14:18.5	CANCELED	15:29.5	36.359158	59.548527	36.341324	59.584606	1852481036	8072360	0	1
452872	14:18.5	CANCELED	15:29.5	36.359158	59.548527	36.341324	59.584606	1852481582	4089085	2	0
452872	14:18.5	CANCELED	15:29.5	36.359158	59.548527	36.341324	59.584606	1852481635	4900118	2	1
452872	14:18.5	CANCELED	15:29.5	36.359158	59.548527	36.341324	59.584606	1852481656	10596446	2	0
453053	06:00.3	FINISHED	null	35.542927	51.39007	35.5312	51.40028	2051537009	6900587	2	0
453053	06:00.3	FINISHED	null	35.542927	51.39007	35.5312	51.40028	2051537200	13975159	3	0
453053	06:00.3	FINISHED	null	35.542927	51.39007	35.5312	51.40028	2051537987	14094500	3	0
453053	06:00.3	FINISHED	null	35.542927	51.39007	35.5312	51.40028	2051538155	4334700	3	0
453053	06:00.3	FINISHED	null	35.542927	51.39007	35.5312	51.40028	2051539073	5190828	5	0
453053	06:00.3	FINISHED	null	35.542927	51.39007	35.5312	51.40028	2051539216	14604519	5	0
453053	06:00.3	FINISHED	null	35.542927	51.39007	35.5312	51.40028	2051540112	13275369	5	1
453053	06:00.3	FINISHED	null	35.542927	51.39007	35.5312	51.40028	2051540338	7904609	6	1
453053	06:00.3	FINISHED	null	35.542927	51.39007	35.5312	51.40028	2051541216	5966539	7	0
453137	04:18.2	DRIVER_NOT_FOUND	07:39.9	29.596893	52.465023	29.692043	52.461433	1978197004	12622542	1	0
453137	04:18.2	DRIVER_NOT_FOUND	07:39.9	29.596893	52.465023	29.692043	52.461433	1978197010	8200579	1	0
453137	04:18.2	DRIVER_NOT_FOUND	07:39.9	29.596893	52.465023	29.692043	52.461433	1978197332	12300460	2	0
453137	04:18.2	DRIVER_NOT_FOUND	07:39.9	29.596893	52.465023	29.692043	52.461433	1978197339	13278862	3	0
453137	04:18.2	DRIVER_NOT_FOUND	07:39.9	29.596893	52.465023	29.692043	52.461433	1978197348	11734475	3	0
453137	04:18.2	DRIVER_NOT_FOUND	07:39.9	29.596893	52.465023	29.692043	52.461433	1978198054	7697848	5	0
453137	04:18.2	DRIVER_NOT_FOUND	07:39.9	29.596893	52.465023	29.692043	52.461433	1978198087	8155418	5	0
453137	04:18.2	DRIVER_NOT_FOUND	07:39.9	29.596893	52.465023	29.692043	52.461433	1978198357	8200579	0	0
453137	04:18.2	DRIVER_NOT_FOUND	07:39.9	29.596893	52.465023	29.692043	52.461433	1978198464	4283424	6	0
453137	04:18.2	DRIVER_NOT_FOUND	07:39.9	29.596893	52.465023	29.692043	52.461433	1978198468	12622542	1	0
453137	04:18.2	DRIVER_NOT_FOUND	07:39.9	29.596893	52.465023	29.692043	52.461433	1978199033	14509568	5	0
453137	04:18.2	DRIVER_NOT_FOUND	07:39.9	29.596893	52.465023	29.692043	52.461433	1978199348	11734475	3	0
453137	04:18.2	DRIVER_NOT_FOUND	07:39.9	29.596893	52.465023	29.692043	52.461433	1978199464	13278862	3	0
453137	04:18.2	DRIVER_NOT_FOUND	07:39.9	29.596893	52.465023	29.692043	52.461433	1978199794	4283424	6	0
453137	04:18.2	DRIVER_NOT_FOUND	07:39.9	29.596893	52.465023	29.692043	52.461433	1978200051	14509568	5	0
453137	04:18.2	DRIVER_NOT_FOUND	07:39.9	29.596893	52.465023	29.692043	52.461433	1978204258	13378536	6	0
453137	04:18.2	DRIVER_NOT_FOUND	07:39.9	29.596893	52.465023	29.692043	52.461433	1978205308	13378536	6	0
453137	04:18.2	DRIVER_NOT_FOUND	07:39.9	29.596893	52.465023	29.692043	52.461433	1978206338	9902193	6	0
453137	04:18.2	DRIVER_NOT_FOUND	07:39.9	29.596893	52.465023	29.692043	52.461433	1978207372	9902193	5	0
453137	04:18.2	DRIVER_NOT_FOUND	07:39.9	29.596893	52.465023	29.692043	52.461433	1978207767	13919850	0	0
453137	04:18.2	DRIVER_NOT_FOUND	07:39.9	29.596893	52.465023	29.692043	52.461433	1978208803	3148261	5	0
453137	04:18.2	DRIVER_NOT_FOUND	07:39.9	29.596893	52.465023	29.692043	52.461433	1978208806	13919850	1	0
453137	04:18.2	DRIVER_NOT_FOUND	07:39.9	29.596893	52.465023	29.692043	52.461433	1978209870	3148261	5	0
453331	48:15.7	GIVE_UP	48:19.3	36.298775	59.4901	36.29209	59.531734	1891434807	8202573	3	1
453339	41:48.8	GIVE_UP	43:13.2	35.75977	51.335114	35.624893	51.401962	2073103403	7364125	3	0
453339	41:48.8	GIVE_UP	43:13.2	35.75977	51.335114	35.624893	51.401962	2073103439	6819065	3	0
453339	41:48.8	GIVE_UP	43:13.2	35.75977	51.335114	35.624893	51.401962	2073103476	8457347	4	0
453339	41:48.8	GIVE_UP	43:13.2	35.75977	51.335114	35.624893	51.401962	2073103531	1394358	4	0
453339	41:48.8	GIVE_UP	43:13.2	35.75977	51.335114	35.624893	51.401962	2073103560	7882553	5	0
453339	41:48.8	GIVE_UP	43:13.2	35.75977	51.335114	35.624893	51.401962	2073106409	5134883	1	0
453339	41:48.8	GIVE_UP	43:13.2	35.75977	51.335114	35.624893	51.401962	2073107426	2261217	1	0
453339	41:48.8	GIVE_UP	43:13.2	35.75977	51.335114	35.624893	51.401962	2073108417	2427236	3	0
453339	41:48.8	GIVE_UP	43:13.2	35.75977	51.335114	35.624893	51.401962	2073108496	1778445	4	0
453339	41:48.8	GIVE_UP	43:13.2	35.75977	51.335114	35.624893	51.401962	2073109371	4431494	1	0
453339	41:48.8	GIVE_UP	43:13.2	35.75977	51.335114	35.624893	51.401962	2073110377	2028965	3	0
453339	41:48.8	GIVE_UP	43:13.2	35.75977	51.335114	35.624893	51.401962	2073111639	9588563	4	0
453339	41:48.8	GIVE_UP	43:13.2	35.75977	51.335114	35.624893	51.401962	2073111678	13028925	3	0
453339	41:48.8	GIVE_UP	43:13.2	35.75977	51.335114	35.624893	51.401962	2073111731	7817670	4	0
453339	41:48.8	GIVE_UP	43:13.2	35.75977	51.335114	35.624893	51.401962	2073114571	4136184	3	0
453339	41:48.8	GIVE_UP	43:13.2	35.75977	51.335114	35.624893	51.401962	2073114793	4919620	4	0
453339	41:48.8	GIVE_UP	43:13.2	35.75977	51.335114	35.624893	51.401962	2073114820	4743322	4	0
453339	41:48.8	GIVE_UP	43:13.2	35.75977	51.335114	35.624893	51.401962	2073115211	5023590	6	0
453339	41:48.8	GIVE_UP	43:13.2	35.75977	51.335114	35.624893	51.401962	2073116305	9172837	5	0
453339	41:48.8	GIVE_UP	43:13.2	35.75977	51.335114	35.624893	51.401962	2073117621	13148812	0	0
453339	41:48.8	GIVE_UP	43:13.2	35.75977	51.335114	35.624893	51.401962	2073118685	8857875	3	0
453339	41:48.8	GIVE_UP	43:13.2	35.75977	51.335114	35.624893	51.401962	2073119520	6244980	5	0
453339	41:48.8	GIVE_UP	43:13.2	35.75977	51.335114	35.624893	51.401962	2073119586	51649	5	0
453659	05:50.4	FINISHED	null	36.301308	59.485336	36.287804	59.505527	1941960186	14439861	1	0
453659	05:50.4	FINISHED	null	36.301308	59.485336	36.287804	59.505527	1941960207	13715264	2	0
453659	05:50.4	FINISHED	null	36.301308	59.485336	36.287804	59.505527	1941960505	13457655	2	0
453659	05:50.4	FINISHED	null	36.301308	59.485336	36.287804	59.505527	1941962949	3876549	5	0
453659	05:50.4	FINISHED	null	36.301308	59.485336	36.287804	59.505527	1941962972	14439861	1	0
453659	05:50.4	FINISHED	null	36.301308	59.485336	36.287804	59.505527	1941962992	13715264	2	1
453659	05:50.4	FINISHED	null	36.301308	59.485336	36.287804	59.505527	1941963249	13457655	2	1
453828	35:43.8	FINISHED	null	35.70937	51.028404	35.717804	51.027637	1837338503	966622	2	0
453828	35:43.8	FINISHED	null	35.70937	51.028404	35.717804	51.027637	1837338587	11133578	2	1
453828	35:43.8	FINISHED	null	35.70937	51.028404	35.717804	51.027637	1837338671	9894803	3	0
453828	35:43.8	FINISHED	null	35.70937	51.028404	35.717804	51.027637	1837338712	4953491	3	0
453828	35:43.8	FINISHED	null	35.70937	51.028404	35.717804	51.027637	1837338769	5172051	3	0
453831	54:05.3	FINISHED	null	31.850084	54.36576	31.839985	54.3885	1827602590	13973434	null	1
454032	03:08.3	DRIVER_NOT_FOUND	06:33.2	35.69062862	51.47289891	35.70646589	51.33126486	2073817175	111047	2	0
454032	03:08.3	DRIVER_NOT_FOUND	06:33.2	35.69062862	51.47289891	35.70646589	51.33126486	2073817193	2166415	2	0
454032	03:08.3	DRIVER_NOT_FOUND	06:33.2	35.69062862	51.47289891	35.70646589	51.33126486	2073819091	9679768	3	0
454032	03:08.3	DRIVER_NOT_FOUND	06:33.2	35.69062862	51.47289891	35.70646589	51.33126486	2073819227	2245294	4	0
454032	03:08.3	DRIVER_NOT_FOUND	06:33.2	35.69062862	51.47289891	35.70646589	51.33126486	2073820951	7625105	4	0
454032	03:08.3	DRIVER_NOT_FOUND	06:33.2	35.69062862	51.47289891	35.70646589	51.33126486	2073820976	10890107	4	0
454032	03:08.3	DRIVER_NOT_FOUND	06:33.2	35.69062862	51.47289891	35.70646589	51.33126486	2073821118	14299034	4	0
454032	03:08.3	DRIVER_NOT_FOUND	06:33.2	35.69062862	51.47289891	35.70646589	51.33126486	2073822792	3044353	4	0
454032	03:08.3	DRIVER_NOT_FOUND	06:33.2	35.69062862	51.47289891	35.70646589	51.33126486	2073822821	9207894	4	0
454032	03:08.3	DRIVER_NOT_FOUND	06:33.2	35.69062862	51.47289891	35.70646589	51.33126486	2073822921	8973703	4	0
454032	03:08.3	DRIVER_NOT_FOUND	06:33.2	35.69062862	51.47289891	35.70646589	51.33126486	2073824608	637838	3	0
454032	03:08.3	DRIVER_NOT_FOUND	06:33.2	35.69062862	51.47289891	35.70646589	51.33126486	2073824632	8273626	3	0
454032	03:08.3	DRIVER_NOT_FOUND	06:33.2	35.69062862	51.47289891	35.70646589	51.33126486	2073824743	4850180	4	0
454032	03:08.3	DRIVER_NOT_FOUND	06:33.2	35.69062862	51.47289891	35.70646589	51.33126486	2073826509	14110917	3	0
454032	03:08.3	DRIVER_NOT_FOUND	06:33.2	35.69062862	51.47289891	35.70646589	51.33126486	2073826607	7844879	3	0
454032	03:08.3	DRIVER_NOT_FOUND	06:33.2	35.69062862	51.47289891	35.70646589	51.33126486	2073827153	4971367	3	0
454032	03:08.3	DRIVER_NOT_FOUND	06:33.2	35.69062862	51.47289891	35.70646589	51.33126486	2073828423	1738856	4	0
454032	03:08.3	DRIVER_NOT_FOUND	06:33.2	35.69062862	51.47289891	35.70646589	51.33126486	2073828503	10264237	4	0
454032	03:08.3	DRIVER_NOT_FOUND	06:33.2	35.69062862	51.47289891	35.70646589	51.33126486	2073829082	2359953	4	0
454032	03:08.3	DRIVER_NOT_FOUND	06:33.2	35.69062862	51.47289891	35.70646589	51.33126486	2073830367	6178069	3	0
454032	03:08.3	DRIVER_NOT_FOUND	06:33.2	35.69062862	51.47289891	35.70646589	51.33126486	2073830637	5899750	5	0
454032	03:08.3	DRIVER_NOT_FOUND	06:33.2	35.69062862	51.47289891	35.70646589	51.33126486	2073831066	14219338	4	0
454032	03:08.3	DRIVER_NOT_FOUND	06:33.2	35.69062862	51.47289891	35.70646589	51.33126486	2073832961	1916105	5	0
454032	03:08.3	DRIVER_NOT_FOUND	06:33.2	35.69062862	51.47289891	35.70646589	51.33126486	2073834189	3115932	5	0
454032	03:08.3	DRIVER_NOT_FOUND	06:33.2	35.69062862	51.47289891	35.70646589	51.33126486	2073834473	14667026	5	0
454032	03:08.3	DRIVER_NOT_FOUND	06:33.2	35.69062862	51.47289891	35.70646589	51.33126486	2073834880	13627390	5	0
454032	03:08.3	DRIVER_NOT_FOUND	06:33.2	35.69062862	51.47289891	35.70646589	51.33126486	2073836069	10793455	5	0
454032	03:08.3	DRIVER_NOT_FOUND	06:33.2	35.69062862	51.47289891	35.70646589	51.33126486	2073836296	554553	5	0
454032	03:08.3	DRIVER_NOT_FOUND	06:33.2	35.69062862	51.47289891	35.70646589	51.33126486	2073836768	13649093	5	0
454032	03:08.3	DRIVER_NOT_FOUND	06:33.2	35.69062862	51.47289891	35.70646589	51.33126486	2073837974	1933142	3	0
454032	03:08.3	DRIVER_NOT_FOUND	06:33.2	35.69062862	51.47289891	35.70646589	51.33126486	2073838654	11601147	5	0
454032	03:08.3	DRIVER_NOT_FOUND	06:33.2	35.69062862	51.47289891	35.70646589	51.33126486	2073838688	9903984	6	0
454032	03:08.3	DRIVER_NOT_FOUND	06:33.2	35.69062862	51.47289891	35.70646589	51.33126486	2073839874	9312645	5	0
454032	03:08.3	DRIVER_NOT_FOUND	06:33.2	35.69062862	51.47289891	35.70646589	51.33126486	2073840524	4589383	6	0
454032	03:08.3	DRIVER_NOT_FOUND	06:33.2	35.69062862	51.47289891	35.70646589	51.33126486	2073841697	10174491	5	0
454185	31:56.1	FINISHED	null	29.626038	52.517605	29.619333	52.52338	1999860354	14408349	1	0
454185	31:56.1	FINISHED	null	29.626038	52.517605	29.619333	52.52338	1999860373	6090406	1	0
454185	31:56.1	FINISHED	null	29.626038	52.517605	29.619333	52.52338	1999860563	12340623	4	0
454185	31:56.1	FINISHED	null	29.626038	52.517605	29.619333	52.52338	1999860568	11847761	4	0
454185	31:56.1	FINISHED	null	29.626038	52.517605	29.619333	52.52338	1999860569	11150606	5	0
454185	31:56.1	FINISHED	null	29.626038	52.517605	29.619333	52.52338	1999860885	14577764	3	0
454185	31:56.1	FINISHED	null	29.626038	52.517605	29.619333	52.52338	1999861121	6873725	5	0
454185	31:56.1	FINISHED	null	29.626038	52.517605	29.619333	52.52338	1999861124	12340623	4	0
454185	31:56.1	FINISHED	null	29.626038	52.517605	29.619333	52.52338	1999861128	11150606	4	0
454185	31:56.1	FINISHED	null	29.626038	52.517605	29.619333	52.52338	1999861485	4292704	4	0
454185	31:56.1	FINISHED	null	29.626038	52.517605	29.619333	52.52338	1999861505	8391713	6	0
454185	31:56.1	FINISHED	null	29.626038	52.517605	29.619333	52.52338	1999861718	14388569	5	0
454185	31:56.1	FINISHED	null	29.626038	52.517605	29.619333	52.52338	1999861727	6873725	5	0
454185	31:56.1	FINISHED	null	29.626038	52.517605	29.619333	52.52338	1999862017	14443204	3	0
454185	31:56.1	FINISHED	null	29.626038	52.517605	29.619333	52.52338	1999862141	10768849	4	0
454185	31:56.1	FINISHED	null	29.626038	52.517605	29.619333	52.52338	1999862239	3754037	5	0
454185	31:56.1	FINISHED	null	29.626038	52.517605	29.619333	52.52338	1999862249	6090406	1	0
454185	31:56.1	FINISHED	null	29.626038	52.517605	29.619333	52.52338	1999862451	4292704	4	0
454185	31:56.1	FINISHED	null	29.626038	52.517605	29.619333	52.52338	1999862564	8111207	5	0
454185	31:56.1	FINISHED	null	29.626038	52.517605	29.619333	52.52338	1999862691	9549455	3	0
454185	31:56.1	FINISHED	null	29.626038	52.517605	29.619333	52.52338	1999862878	6021169	5	0
454185	31:56.1	FINISHED	null	29.626038	52.517605	29.619333	52.52338	1999862881	3754037	5	0
454185	31:56.1	FINISHED	null	29.626038	52.517605	29.619333	52.52338	1999862982	8391713	5	0
454185	31:56.1	FINISHED	null	29.626038	52.517605	29.619333	52.52338	1999863103	8111207	5	0
454185	31:56.1	FINISHED	null	29.626038	52.517605	29.619333	52.52338	1999863231	9549455	3	0
454185	31:56.1	FINISHED	null	29.626038	52.517605	29.619333	52.52338	1999863451	14408349	0	1
454185	31:56.1	FINISHED	null	29.626038	52.517605	29.619333	52.52338	1999863645	4026804	4	0
454225	33:11.0	CANCELED	35:04.5	35.637115	51.469692	35.614796	51.492527	1940227109	8612987	0	0
454225	33:11.0	CANCELED	35:04.5	35.637115	51.469692	35.614796	51.492527	1940227158	7462582	0	0
454225	33:11.0	CANCELED	35:04.5	35.637115	51.469692	35.614796	51.492527	1940227350	2324243	1	0
454225	33:11.0	CANCELED	35:04.5	35.637115	51.469692	35.614796	51.492527	1940227453	4236676	2	0
454225	33:11.0	CANCELED	35:04.5	35.637115	51.469692	35.614796	51.492527	1940227477	1280050	2	0
454225	33:11.0	CANCELED	35:04.5	35.637115	51.469692	35.614796	51.492527	1940229362	12172332	2	0
454225	33:11.0	CANCELED	35:04.5	35.637115	51.469692	35.614796	51.492527	1940229481	14218844	3	0
454225	33:11.0	CANCELED	35:04.5	35.637115	51.469692	35.614796	51.492527	1940229715	10185789	4	0
454225	33:11.0	CANCELED	35:04.5	35.637115	51.469692	35.614796	51.492527	1940231614	9881514	4	0
454225	33:11.0	CANCELED	35:04.5	35.637115	51.469692	35.614796	51.492527	1940231729	1177304	5	0
454225	33:11.0	CANCELED	35:04.5	35.637115	51.469692	35.614796	51.492527	1940231957	5003326	5	0
454225	33:11.0	CANCELED	35:04.5	35.637115	51.469692	35.614796	51.492527	1940233909	8914348	3	0
454225	33:11.0	CANCELED	35:04.5	35.637115	51.469692	35.614796	51.492527	1940234056	164714	4	0
454225	33:11.0	CANCELED	35:04.5	35.637115	51.469692	35.614796	51.492527	1940234175	11543979	4	0
454225	33:11.0	CANCELED	35:04.5	35.637115	51.469692	35.614796	51.492527	1940234299	4649984	5	0
454225	33:11.0	CANCELED	35:04.5	35.637115	51.469692	35.614796	51.492527	1940236199	1417083	4	0
454225	33:11.0	CANCELED	35:04.5	35.637115	51.469692	35.614796	51.492527	1940236302	8912531	5	0
454225	33:11.0	CANCELED	35:04.5	35.637115	51.469692	35.614796	51.492527	1940236408	7931076	5	0
454225	33:11.0	CANCELED	35:04.5	35.637115	51.469692	35.614796	51.492527	1940236534	14212511	5	0
454225	33:11.0	CANCELED	35:04.5	35.637115	51.469692	35.614796	51.492527	1940238724	14154245	5	0
454225	33:11.0	CANCELED	35:04.5	35.637115	51.469692	35.614796	51.492527	1940238740	8262515	5	0
454225	33:11.0	CANCELED	35:04.5	35.637115	51.469692	35.614796	51.492527	1940238754	10224373	5	0
454225	33:11.0	CANCELED	35:04.5	35.637115	51.469692	35.614796	51.492527	1940238816	9316025	6	1
454232	28:18.5	GIVE_UP	29:25.3	35.701096	51.389713	35.72946	51.32326	2067463076	8633141	0	0
454232	28:18.5	GIVE_UP	29:25.3	35.701096	51.389713	35.72946	51.32326	2067463611	4715283	3	0
454232	28:18.5	GIVE_UP	29:25.3	35.701096	51.389713	35.72946	51.32326	2067463630	796134	3	0
454232	28:18.5	GIVE_UP	29:25.3	35.701096	51.389713	35.72946	51.32326	2067463660	7749499	3	0
454232	28:18.5	GIVE_UP	29:25.3	35.701096	51.389713	35.72946	51.32326	2067463688	8333328	3	0
454232	28:18.5	GIVE_UP	29:25.3	35.701096	51.389713	35.72946	51.32326	2067464728	5298821	2	0
454232	28:18.5	GIVE_UP	29:25.3	35.701096	51.389713	35.72946	51.32326	2067465229	7690317	3	0
454232	28:18.5	GIVE_UP	29:25.3	35.701096	51.389713	35.72946	51.32326	2067465245	12413452	4	0
454232	28:18.5	GIVE_UP	29:25.3	35.701096	51.389713	35.72946	51.32326	2067465273	2567003	4	0
454232	28:18.5	GIVE_UP	29:25.3	35.701096	51.389713	35.72946	51.32326	2067465324	9959606	5	0
454232	28:18.5	GIVE_UP	29:25.3	35.701096	51.389713	35.72946	51.32326	2067466460	9040847	4	0
454232	28:18.5	GIVE_UP	29:25.3	35.701096	51.389713	35.72946	51.32326	2067466884	6228651	3	0
454232	28:18.5	GIVE_UP	29:25.3	35.701096	51.389713	35.72946	51.32326	2067466922	10674960	4	0
454232	28:18.5	GIVE_UP	29:25.3	35.701096	51.389713	35.72946	51.32326	2067466952	9364410	4	0
454232	28:18.5	GIVE_UP	29:25.3	35.701096	51.389713	35.72946	51.32326	2067466995	9633140	5	0
454232	28:18.5	GIVE_UP	29:25.3	35.701096	51.389713	35.72946	51.32326	2067468232	11201299	4	0
454232	28:18.5	GIVE_UP	29:25.3	35.701096	51.389713	35.72946	51.32326	2067468601	4396514	4	0
454232	28:18.5	GIVE_UP	29:25.3	35.701096	51.389713	35.72946	51.32326	2067468644	5359576	4	0
454232	28:18.5	GIVE_UP	29:25.3	35.701096	51.389713	35.72946	51.32326	2067468663	7479980	4	0
454232	28:18.5	GIVE_UP	29:25.3	35.701096	51.389713	35.72946	51.32326	2067468736	1471455	5	0
454232	28:18.5	GIVE_UP	29:25.3	35.701096	51.389713	35.72946	51.32326	2067469918	5326470	4	0
454232	28:18.5	GIVE_UP	29:25.3	35.701096	51.389713	35.72946	51.32326	2067470283	14315137	4	0
454232	28:18.5	GIVE_UP	29:25.3	35.701096	51.389713	35.72946	51.32326	2067470322	8089876	6	1
454232	28:18.5	GIVE_UP	29:25.3	35.701096	51.389713	35.72946	51.32326	2067470356	4741023	6	0
454232	28:18.5	GIVE_UP	29:25.3	35.701096	51.389713	35.72946	51.32326	2067470402	12260795	5	0
454324	44:34.2	DRIVER_NOT_FOUND	47:57.6	36.20494	59.662846	36.27432	59.605713	2074803546	6097169	5	0
454324	44:34.2	DRIVER_NOT_FOUND	47:57.6	36.20494	59.662846	36.27432	59.605713	2074804185	2972656	5	0
454324	44:34.2	DRIVER_NOT_FOUND	47:57.6	36.20494	59.662846	36.27432	59.605713	2074809316	8199549	0	0
454324	44:34.2	DRIVER_NOT_FOUND	47:57.6	36.20494	59.662846	36.27432	59.605713	2074811258	8199549	0	0
454539	44:21.9	FINISHED	null	30.28392596	57.09620559	30.28456946	57.07393213	1986532004	10609253	4	0
454539	44:21.9	FINISHED	null	30.28392596	57.09620559	30.28456946	57.07393213	1986541893	14181428	5	1
454548	33:24.3	FINISHED	null	35.683064	51.349777	35.727535	50.815086	2044834526	9046637	5	0
454548	33:24.3	FINISHED	null	35.683064	51.349777	35.727535	50.815086	2044834834	10304162	3	0
454548	33:24.3	FINISHED	null	35.683064	51.349777	35.727535	50.815086	2044835424	9148181	7	0
454548	33:24.3	FINISHED	null	35.683064	51.349777	35.727535	50.815086	2044835465	12806010	7	0
454548	33:24.3	FINISHED	null	35.683064	51.349777	35.727535	50.815086	2044835486	6144869	8	0
454548	33:24.3	FINISHED	null	35.683064	51.349777	35.727535	50.815086	2044836187	5352808	6	0
454548	33:24.3	FINISHED	null	35.683064	51.349777	35.727535	50.815086	2044836490	10993172	7	0
454548	33:24.3	FINISHED	null	35.683064	51.349777	35.727535	50.815086	2044837110	9819163	7	0
454548	33:24.3	FINISHED	null	35.683064	51.349777	35.727535	50.815086	2044837164	6954328	8	1
454548	33:24.3	FINISHED	null	35.683064	51.349777	35.727535	50.815086	2044837937	5352808	6	0
454857	55:32.5	CANCELED	00:25.4	35.739986	51.41828	35.771202	51.3933	1969346342	12354044	0	0
454857	55:32.5	CANCELED	00:25.4	35.739986	51.41828	35.771202	51.3933	1969346446	14497791	1	0
454857	55:32.5	CANCELED	00:25.4	35.739986	51.41828	35.771202	51.3933	1969348484	3962817	1	0
454857	55:32.5	CANCELED	00:25.4	35.739986	51.41828	35.771202	51.3933	1969349400	5265095	2	0
454857	55:32.5	CANCELED	00:25.4	35.739986	51.41828	35.771202	51.3933	1969350636	7175233	2	1
454857	55:32.5	CANCELED	00:25.4	35.739986	51.41828	35.771202	51.3933	1969351548	2696948	2	0
454857	55:32.5	CANCELED	00:25.4	35.739986	51.41828	35.771202	51.3933	1969351562	8305734	2	0
454968	07:49.7	FINISHED	null	32.734703	51.652992	32.716644	51.659805	1944402263	8003835	5	0
454968	07:49.7	FINISHED	null	32.734703	51.652992	32.716644	51.659805	1944417398	10596358	5	0
454968	07:49.7	FINISHED	null	32.734703	51.652992	32.716644	51.659805	1944419108	10917902	6	1
454968	07:49.7	FINISHED	null	32.734703	51.652992	32.716644	51.659805	1944420454	2430132	6	1
454968	07:49.7	FINISHED	null	32.734703	51.652992	32.716644	51.659805	1944420463	10596358	5	0
455069	45:35.6	GIVE_UP	47:07.3	38.066936	46.350243	38.048042	46.368362	1993142847	4901710	1	0
455069	45:35.6	GIVE_UP	47:07.3	38.066936	46.350243	38.048042	46.368362	1993143724	13773740	4	0
455069	45:35.6	GIVE_UP	47:07.3	38.066936	46.350243	38.048042	46.368362	1993143744	10025882	4	0
455069	45:35.6	GIVE_UP	47:07.3	38.066936	46.350243	38.048042	46.368362	1993145422	4901710	1	0
455069	45:35.6	GIVE_UP	47:07.3	38.066936	46.350243	38.048042	46.368362	1993146267	13773740	4	0
455069	45:35.6	GIVE_UP	47:07.3	38.066936	46.350243	38.048042	46.368362	1993146294	10025882	4	0
455069	45:35.6	GIVE_UP	47:07.3	38.066936	46.350243	38.048042	46.368362	1993148887	4681720	3	0
455069	45:35.6	GIVE_UP	47:07.3	38.066936	46.350243	38.048042	46.368362	1993151353	4681720	3	0
455157	37:12.4	GIVE_UP	40:07.5	35.77746	51.322845	35.774475	51.333824	1950131050	8900917	7	0
455157	37:12.4	GIVE_UP	40:07.5	35.77746	51.322845	35.774475	51.333824	1950132214	5076837	1	0
455157	37:12.4	GIVE_UP	40:07.5	35.77746	51.322845	35.774475	51.333824	1950132792	14352223	3	0
455157	37:12.4	GIVE_UP	40:07.5	35.77746	51.322845	35.774475	51.333824	1950132947	4353297	4	0
455157	37:12.4	GIVE_UP	40:07.5	35.77746	51.322845	35.774475	51.333824	1950132969	9149654	4	0
455157	37:12.4	GIVE_UP	40:07.5	35.77746	51.322845	35.774475	51.333824	1950132990	11087221	5	0
455157	37:12.4	GIVE_UP	40:07.5	35.77746	51.322845	35.774475	51.333824	1950133901	7463922	5	0
455157	37:12.4	GIVE_UP	40:07.5	35.77746	51.322845	35.774475	51.333824	1950134445	10110767	4	0
455157	37:12.4	GIVE_UP	40:07.5	35.77746	51.322845	35.774475	51.333824	1950134624	5494520	4	0
455157	37:12.4	GIVE_UP	40:07.5	35.77746	51.322845	35.774475	51.333824	1950134644	1705572	5	0
455157	37:12.4	GIVE_UP	40:07.5	35.77746	51.322845	35.774475	51.333824	1950135545	9488000	6	0
455157	37:12.4	GIVE_UP	40:07.5	35.77746	51.322845	35.774475	51.333824	1950136224	10734755	6	0
455157	37:12.4	GIVE_UP	40:07.5	35.77746	51.322845	35.774475	51.333824	1950136244	7273525	7	0
455157	37:12.4	GIVE_UP	40:07.5	35.77746	51.322845	35.774475	51.333824	1950137225	11732077	5	0
455157	37:12.4	GIVE_UP	40:07.5	35.77746	51.322845	35.774475	51.333824	1950137756	8891964	5	0
455157	37:12.4	GIVE_UP	40:07.5	35.77746	51.322845	35.774475	51.333824	1950137947	5076837	1	0
455157	37:12.4	GIVE_UP	40:07.5	35.77746	51.322845	35.774475	51.333824	1950138454	3954476	6	0
455157	37:12.4	GIVE_UP	40:07.5	35.77746	51.322845	35.774475	51.333824	1950138782	7122470	6	0
455157	37:12.4	GIVE_UP	40:07.5	35.77746	51.322845	35.774475	51.333824	1950139286	7478129	5	0
455157	37:12.4	GIVE_UP	40:07.5	35.77746	51.322845	35.774475	51.333824	1950139431	5575429	6	0
455157	37:12.4	GIVE_UP	40:07.5	35.77746	51.322845	35.774475	51.333824	1950139459	7915557	7	0
455157	37:12.4	GIVE_UP	40:07.5	35.77746	51.322845	35.774475	51.333824	1950140011	8170461	4	0
455157	37:12.4	GIVE_UP	40:07.5	35.77746	51.322845	35.774475	51.333824	1950140308	13405645	8	0
455157	37:12.4	GIVE_UP	40:07.5	35.77746	51.322845	35.774475	51.333824	1950140878	8180400	6	0
455157	37:12.4	GIVE_UP	40:07.5	35.77746	51.322845	35.774475	51.333824	1950141018	9858099	8	0
455157	37:12.4	GIVE_UP	40:07.5	35.77746	51.322845	35.774475	51.333824	1950141587	6192885	7	0
455157	37:12.4	GIVE_UP	40:07.5	35.77746	51.322845	35.774475	51.333824	1950141912	11053265	7	0
455157	37:12.4	GIVE_UP	40:07.5	35.77746	51.322845	35.774475	51.333824	1950142454	8834886	6	0
455157	37:12.4	GIVE_UP	40:07.5	35.77746	51.322845	35.774475	51.333824	1950142593	9885609	7	0
455157	37:12.4	GIVE_UP	40:07.5	35.77746	51.322845	35.774475	51.333824	1950142620	5494520	4	0
455157	37:12.4	GIVE_UP	40:07.5	35.77746	51.322845	35.774475	51.333824	1950143227	14293839	1	0
455157	37:12.4	GIVE_UP	40:07.5	35.77746	51.322845	35.774475	51.333824	1950143788	3081661	4	0
455157	37:12.4	GIVE_UP	40:07.5	35.77746	51.322845	35.774475	51.333824	1950144140	5824598	6	0
455157	37:12.4	GIVE_UP	40:07.5	35.77746	51.322845	35.774475	51.333824	1950144263	11732077	5	0
455157	37:12.4	GIVE_UP	40:07.5	35.77746	51.322845	35.774475	51.333824	1950144319	7122470	6	0
455157	37:12.4	GIVE_UP	40:07.5	35.77746	51.322845	35.774475	51.333824	1950144923	8863888	5	0
455157	37:12.4	GIVE_UP	40:07.5	35.77746	51.322845	35.774475	51.333824	1950145481	1815940	6	0
455157	37:12.4	GIVE_UP	40:07.5	35.77746	51.322845	35.774475	51.333824	1950147051	5752572	8	0
455157	37:12.4	GIVE_UP	40:07.5	35.77746	51.322845	35.774475	51.333824	1950147064	7478129	5	0
455157	37:12.4	GIVE_UP	40:07.5	35.77746	51.322845	35.774475	51.333824	1950147077	8180400	5	0
455157	37:12.4	GIVE_UP	40:07.5	35.77746	51.322845	35.774475	51.333824	1950147122	10734755	5	0
455157	37:12.4	GIVE_UP	40:07.5	35.77746	51.322845	35.774475	51.333824	1950147478	7556375	3	0
455157	37:12.4	GIVE_UP	40:07.5	35.77746	51.322845	35.774475	51.333824	1950148716	8195414	6	0
455157	37:12.4	GIVE_UP	40:07.5	35.77746	51.322845	35.774475	51.333824	1950148748	6424967	6	0
455157	37:12.4	GIVE_UP	40:07.5	35.77746	51.322845	35.774475	51.333824	1950148758	8661777	7	0
455157	37:12.4	GIVE_UP	40:07.5	35.77746	51.322845	35.774475	51.333824	1950149103	827717	6	0
455301	32:55.0	FINISHED	null	29.68786101	52.47595388	29.64855718	52.47425772	1836528829	11000626	2	0
455301	32:55.0	FINISHED	null	29.68786101	52.47595388	29.64855718	52.47425772	1836529987	7897387	5	0
455301	32:55.0	FINISHED	null	29.68786101	52.47595388	29.64855718	52.47425772	1836530022	13310008	6	0
455301	32:55.0	FINISHED	null	29.68786101	52.47595388	29.64855718	52.47425772	1836530048	5886483	6	0
455301	32:55.0	FINISHED	null	29.68786101	52.47595388	29.64855718	52.47425772	1836532326	11000626	3	0
455301	32:55.0	FINISHED	null	29.68786101	52.47595388	29.64855718	52.47425772	1836533446	7897387	5	0
455301	32:55.0	FINISHED	null	29.68786101	52.47595388	29.64855718	52.47425772	1836534498	5886483	5	0
455301	32:55.0	FINISHED	null	29.68786101	52.47595388	29.64855718	52.47425772	1836539117	13325363	3	1
455310	45:50.4	GIVE_UP	47:39.0	30.276226	57.03669	30.29015	57.063896	2054903194	5545891	5	0
455310	45:50.4	GIVE_UP	47:39.0	30.276226	57.03669	30.29015	57.063896	2054905482	9361762	6	0
455310	45:50.4	GIVE_UP	47:39.0	30.276226	57.03669	30.29015	57.063896	2054905504	5545891	5	0
455313	37:26.6	FINISHED	null	35.72284958	51.33537266	35.76441421	51.34040046	1985936559	13187665	3	0
455313	37:26.6	FINISHED	null	35.72284958	51.33537266	35.76441421	51.34040046	1985936583	8374133	3	0
455313	37:26.6	FINISHED	null	35.72284958	51.33537266	35.76441421	51.34040046	1985936612	9459974	4	0
455313	37:26.6	FINISHED	null	35.72284958	51.33537266	35.76441421	51.34040046	1985936695	11199206	4	0
455313	37:26.6	FINISHED	null	35.72284958	51.33537266	35.76441421	51.34040046	1985938951	4677609	1	0
455313	37:26.6	FINISHED	null	35.72284958	51.33537266	35.76441421	51.34040046	1985939549	10718483	4	0
455313	37:26.6	FINISHED	null	35.72284958	51.33537266	35.76441421	51.34040046	1985939599	12441997	4	0
455313	37:26.6	FINISHED	null	35.72284958	51.33537266	35.76441421	51.34040046	1985941304	626062	4	1
455313	37:26.6	FINISHED	null	35.72284958	51.33537266	35.76441421	51.34040046	1985941816	9848794	1	0
455313	37:26.6	FINISHED	null	35.72284958	51.33537266	35.76441421	51.34040046	1985941875	6132510	3	0
455313	37:26.6	FINISHED	null	35.72284958	51.33537266	35.76441421	51.34040046	1985941998	7354381	4	0
455359	28:17.6	FINISHED	null	36.35593	59.493954	36.303326	59.57104	2018559883	6312560	5	0
455359	28:17.6	FINISHED	null	36.35593	59.493954	36.303326	59.57104	2018559885	5192405	5	0
455359	28:17.6	FINISHED	null	36.35593	59.493954	36.303326	59.57104	2018560202	2970472	2	0
455359	28:17.6	FINISHED	null	36.35593	59.493954	36.303326	59.57104	2018560273	5701863	3	1
455359	28:17.6	FINISHED	null	36.35593	59.493954	36.303326	59.57104	2018560568	7727745	5	0
455359	28:17.6	FINISHED	null	36.35593	59.493954	36.303326	59.57104	2018560629	4891171	5	0
455478	53:46.3	FINISHED	null	35.7396352	51.39700413	35.66160287	51.40620065	1950578782	12678092	5	0
455478	53:46.3	FINISHED	null	35.7396352	51.39700413	35.66160287	51.40620065	1950578807	6211576	6	0
455478	53:46.3	FINISHED	null	35.7396352	51.39700413	35.66160287	51.40620065	1950578821	13726915	7	0
455478	53:46.3	FINISHED	null	35.7396352	51.39700413	35.66160287	51.40620065	1950579728	1706855	3	0
455478	53:46.3	FINISHED	null	35.7396352	51.39700413	35.66160287	51.40620065	1950579748	7307239	6	0
455478	53:46.3	FINISHED	null	35.7396352	51.39700413	35.66160287	51.40620065	1950580131	12672995	2	1
455478	53:46.3	FINISHED	null	35.7396352	51.39700413	35.66160287	51.40620065	1950580144	12678092	5	0
455478	53:46.3	FINISHED	null	35.7396352	51.39700413	35.66160287	51.40620065	1950580451	8961642	2	0
455478	53:46.3	FINISHED	null	35.7396352	51.39700413	35.66160287	51.40620065	1950581067	9715891	2	0
455478	53:46.3	FINISHED	null	35.7396352	51.39700413	35.66160287	51.40620065	1950581130	2449416	5	1
455515	46:13.4	GIVE_UP	48:53.9	35.824116	50.925785	35.73536	50.99524	1997250627	5305640	3	0
455515	46:13.4	GIVE_UP	48:53.9	35.824116	50.925785	35.73536	50.99524	1997252123	8899501	4	0
455515	46:13.4	GIVE_UP	48:53.9	35.824116	50.925785	35.73536	50.99524	1997252134	4014571	5	0
455515	46:13.4	GIVE_UP	48:53.9	35.824116	50.925785	35.73536	50.99524	1997252152	6159025	5	0
455515	46:13.4	GIVE_UP	48:53.9	35.824116	50.925785	35.73536	50.99524	1997252808	5305640	3	0
455515	46:13.4	GIVE_UP	48:53.9	35.824116	50.925785	35.73536	50.99524	1997254414	8931746	4	0
455515	46:13.4	GIVE_UP	48:53.9	35.824116	50.925785	35.73536	50.99524	1997254457	9418651	5	0
455515	46:13.4	GIVE_UP	48:53.9	35.824116	50.925785	35.73536	50.99524	1997255074	6159025	5	0
455515	46:13.4	GIVE_UP	48:53.9	35.824116	50.925785	35.73536	50.99524	1997256681	8931746	4	0
455515	46:13.4	GIVE_UP	48:53.9	35.824116	50.925785	35.73536	50.99524	1997259010	9418651	5	0
455515	46:13.4	GIVE_UP	48:53.9	35.824116	50.925785	35.73536	50.99524	1997259168	8899501	3	0
455515	46:13.4	GIVE_UP	48:53.9	35.824116	50.925785	35.73536	50.99524	1997262993	14389073	4	0
455515	46:13.4	GIVE_UP	48:53.9	35.824116	50.925785	35.73536	50.99524	1997267895	14389073	4	0
455515	46:13.4	GIVE_UP	48:53.9	35.824116	50.925785	35.73536	50.99524	1997269886	9843417	2	0
455515	46:13.4	GIVE_UP	48:53.9	35.824116	50.925785	35.73536	50.99524	1997270668	13680973	6	0
455515	46:13.4	GIVE_UP	48:53.9	35.824116	50.925785	35.73536	50.99524	1997272258	9843417	2	0
455515	46:13.4	GIVE_UP	48:53.9	35.824116	50.925785	35.73536	50.99524	1997272312	1996598	5	0
455517	57:51.0	FINISHED	null	36.324127	59.477795	36.33575	59.475548	1893310168	6187063	1	1
455548	04:51.4	FINISHED	null	35.690712	51.393906	35.72278	51.419807	2014645027	7391176	1	0
455548	04:51.4	FINISHED	null	35.690712	51.393906	35.72278	51.419807	2014645641	9672011	3	0
455548	04:51.4	FINISHED	null	35.690712	51.393906	35.72278	51.419807	2014646934	3235904	4	0
455548	04:51.4	FINISHED	null	35.690712	51.393906	35.72278	51.419807	2014648761	1729908	4	0
455548	04:51.4	FINISHED	null	35.690712	51.393906	35.72278	51.419807	2014649390	4837943	5	0
455548	04:51.4	FINISHED	null	35.690712	51.393906	35.72278	51.419807	2014651261	9260754	5	0
455548	04:51.4	FINISHED	null	35.690712	51.393906	35.72278	51.419807	2014652558	6062388	5	0
455548	04:51.4	FINISHED	null	35.690712	51.393906	35.72278	51.419807	2014653076	12540619	5	0
455548	04:51.4	FINISHED	null	35.690712	51.393906	35.72278	51.419807	2014654417	11186027	4	0
455548	04:51.4	FINISHED	null	35.690712	51.393906	35.72278	51.419807	2014654927	6958664	6	0
455548	04:51.4	FINISHED	null	35.690712	51.393906	35.72278	51.419807	2014656233	4995706	2	1
455712	03:04.9	CANCELED	04:21.7	35.69725704	51.45300932	35.7381242	51.43977631	1991505744	7661983	5	0
455712	03:04.9	CANCELED	04:21.7	35.69725704	51.45300932	35.7381242	51.43977631	1991505797	7658632	8	0
455712	03:04.9	CANCELED	04:21.7	35.69725704	51.45300932	35.7381242	51.43977631	1991506502	13014241	1	0
455712	03:04.9	CANCELED	04:21.7	35.69725704	51.45300932	35.7381242	51.43977631	1991507548	5971436	6	0
455712	03:04.9	CANCELED	04:21.7	35.69725704	51.45300932	35.7381242	51.43977631	1991507553	9140901	5	0
455712	03:04.9	CANCELED	04:21.7	35.69725704	51.45300932	35.7381242	51.43977631	1991507560	11222664	7	0
455712	03:04.9	CANCELED	04:21.7	35.69725704	51.45300932	35.7381242	51.43977631	1991508946	10168580	5	0
455712	03:04.9	CANCELED	04:21.7	35.69725704	51.45300932	35.7381242	51.43977631	1991508954	7038144	7	0
455712	03:04.9	CANCELED	04:21.7	35.69725704	51.45300932	35.7381242	51.43977631	1991509673	5590168	8	1
455712	03:04.9	CANCELED	04:21.7	35.69725704	51.45300932	35.7381242	51.43977631	1991509680	9140901	5	0
455712	03:04.9	CANCELED	04:21.7	35.69725704	51.45300932	35.7381242	51.43977631	1991509804	6925869	7	0
455712	03:04.9	CANCELED	04:21.7	35.69725704	51.45300932	35.7381242	51.43977631	1991510000	11528270	5	0
455805	33:53.2	FINISHED	null	32.688515	51.634853	32.70329	51.62541	2064513489	8895907	1	0
455805	33:53.2	FINISHED	null	32.688515	51.634853	32.70329	51.62541	2064514317	4536750	4	0
455805	33:53.2	FINISHED	null	32.688515	51.634853	32.70329	51.62541	2064514543	6065313	5	0
455805	33:53.2	FINISHED	null	32.688515	51.634853	32.70329	51.62541	2064514544	5439998	5	0
455805	33:53.2	FINISHED	null	32.688515	51.634853	32.70329	51.62541	2064515818	8074131	4	0
455805	33:53.2	FINISHED	null	32.688515	51.634853	32.70329	51.62541	2064516695	11131843	4	0
455805	33:53.2	FINISHED	null	32.688515	51.634853	32.70329	51.62541	2064517096	9298900	5	0
455805	33:53.2	FINISHED	null	32.688515	51.634853	32.70329	51.62541	2064517110	7118917	5	0
455805	33:53.2	FINISHED	null	32.688515	51.634853	32.70329	51.62541	2064517147	12099401	5	0
455805	33:53.2	FINISHED	null	32.688515	51.634853	32.70329	51.62541	2064518130	8513231	6	0
455805	33:53.2	FINISHED	null	32.688515	51.634853	32.70329	51.62541	2064518962	8895907	1	1
455805	33:53.2	FINISHED	null	32.688515	51.634853	32.70329	51.62541	2064519690	8074131	3	0
455805	33:53.2	FINISHED	null	32.688515	51.634853	32.70329	51.62541	2064519732	4536750	4	0
455805	33:53.2	FINISHED	null	32.688515	51.634853	32.70329	51.62541	2064520415	8715836	6	0
455873	16:24.0	FINISHED	null	35.73391	51.37783	35.630188	51.492943	1904631118	14316065	4	0
455873	16:24.0	FINISHED	null	35.73391	51.37783	35.630188	51.492943	1904631177	4525218	6	0
455873	16:24.0	FINISHED	null	35.73391	51.37783	35.630188	51.492943	1904631225	4035149	6	0
455873	16:24.0	FINISHED	null	35.73391	51.37783	35.630188	51.492943	1904631278	6167964	5	0
455873	16:24.0	FINISHED	null	35.73391	51.37783	35.630188	51.492943	1904631354	8878734	5	0
455873	16:24.0	FINISHED	null	35.73391	51.37783	35.630188	51.492943	1904633883	5271041	5	0
455873	16:24.0	FINISHED	null	35.73391	51.37783	35.630188	51.492943	1904633936	400975	5	0
455873	16:24.0	FINISHED	null	35.73391	51.37783	35.630188	51.492943	1904633968	7840290	6	0
455873	16:24.0	FINISHED	null	35.73391	51.37783	35.630188	51.492943	1904634006	4113943	6	0
455873	16:24.0	FINISHED	null	35.73391	51.37783	35.630188	51.492943	1904634109	8923152	7	0
455873	16:24.0	FINISHED	null	35.73391	51.37783	35.630188	51.492943	1904636665	399372	6	0
455873	16:24.0	FINISHED	null	35.73391	51.37783	35.630188	51.492943	1904636707	4487462	6	0
455873	16:24.0	FINISHED	null	35.73391	51.37783	35.630188	51.492943	1904636762	3224232	4	1
455873	16:24.0	FINISHED	null	35.73391	51.37783	35.630188	51.492943	1904636862	365009	4	0
455938	04:41.5	FINISHED	null	35.67198087	51.40742359	35.71989822	51.4055481	2034710420	6120909	2	0
455938	04:41.5	FINISHED	null	35.67198087	51.40742359	35.71989822	51.4055481	2034710519	10579338	3	0
455938	04:41.5	FINISHED	null	35.67198087	51.40742359	35.71989822	51.4055481	2034710565	8115556	3	0
455938	04:41.5	FINISHED	null	35.67198087	51.40742359	35.71989822	51.4055481	2034710614	7091579	4	0
455938	04:41.5	FINISHED	null	35.67198087	51.40742359	35.71989822	51.4055481	2034710729	14729538	4	0
455938	04:41.5	FINISHED	null	35.67198087	51.40742359	35.71989822	51.4055481	2034712733	14201595	3	0
455938	04:41.5	FINISHED	null	35.67198087	51.40742359	35.71989822	51.4055481	2034712834	2220304	3	0
455938	04:41.5	FINISHED	null	35.67198087	51.40742359	35.71989822	51.4055481	2034712899	2089341	5	0
455938	04:41.5	FINISHED	null	35.67198087	51.40742359	35.71989822	51.4055481	2034713059	10107596	4	1
455938	04:41.5	FINISHED	null	35.67198087	51.40742359	35.71989822	51.4055481	2034713252	13067703	4	0
456047	28:29.2	GIVE_UP	30:46.6	35.774693	51.393356	35.77451	51.393303	1835133623	12649987	3	0
456047	28:29.2	GIVE_UP	30:46.6	35.774693	51.393356	35.77451	51.393303	1835133738	6190073	3	0
456047	28:29.2	GIVE_UP	30:46.6	35.774693	51.393356	35.77451	51.393303	1835133783	6969010	4	0
456047	28:29.2	GIVE_UP	30:46.6	35.774693	51.393356	35.77451	51.393303	1835135953	1646171	5	0
456047	28:29.2	GIVE_UP	30:46.6	35.774693	51.393356	35.77451	51.393303	1835136003	9119109	6	0
456047	28:29.2	GIVE_UP	30:46.6	35.774693	51.393356	35.77451	51.393303	1835136029	9250066	6	0
456047	28:29.2	GIVE_UP	30:46.6	35.774693	51.393356	35.77451	51.393303	1835136103	11600807	6	0
456047	28:29.2	GIVE_UP	30:46.6	35.774693	51.393356	35.77451	51.393303	1835138419	4954699	3	0
456047	28:29.2	GIVE_UP	30:46.6	35.774693	51.393356	35.77451	51.393303	1835138466	13748025	5	0
456047	28:29.2	GIVE_UP	30:46.6	35.774693	51.393356	35.77451	51.393303	1835138502	9456714	5	0
456047	28:29.2	GIVE_UP	30:46.6	35.774693	51.393356	35.77451	51.393303	1835138553	12947461	6	0
456047	28:29.2	GIVE_UP	30:46.6	35.774693	51.393356	35.77451	51.393303	1835140743	10299386	5	0
456047	28:29.2	GIVE_UP	30:46.6	35.774693	51.393356	35.77451	51.393303	1835140798	4389213	5	0
456047	28:29.2	GIVE_UP	30:46.6	35.774693	51.393356	35.77451	51.393303	1835140928	13769740	5	0
456047	28:29.2	GIVE_UP	30:46.6	35.774693	51.393356	35.77451	51.393303	1835140985	9210875	5	0
456047	28:29.2	GIVE_UP	30:46.6	35.774693	51.393356	35.77451	51.393303	1835143074	4304785	3	0
456047	28:29.2	GIVE_UP	30:46.6	35.774693	51.393356	35.77451	51.393303	1835143208	8230783	3	0
456047	28:29.2	GIVE_UP	30:46.6	35.774693	51.393356	35.77451	51.393303	1835143618	9042814	4	0
456047	28:29.2	GIVE_UP	30:46.6	35.774693	51.393356	35.77451	51.393303	1835143663	9831213	4	0
456047	28:29.2	GIVE_UP	30:46.6	35.774693	51.393356	35.77451	51.393303	1835143850	4246832	5	0
456047	28:29.2	GIVE_UP	30:46.6	35.774693	51.393356	35.77451	51.393303	1835145486	8094009	3	0
456047	28:29.2	GIVE_UP	30:46.6	35.774693	51.393356	35.77451	51.393303	1835145728	645392	6	0
456047	28:29.2	GIVE_UP	30:46.6	35.774693	51.393356	35.77451	51.393303	1835146184	2334004	7	0
456047	28:29.2	GIVE_UP	30:46.6	35.774693	51.393356	35.77451	51.393303	1835146345	10615134	7	0
456047	28:29.2	GIVE_UP	30:46.6	35.774693	51.393356	35.77451	51.393303	1835147915	9316125	4	0
456047	28:29.2	GIVE_UP	30:46.6	35.774693	51.393356	35.77451	51.393303	1835148086	329261	5	0
456047	28:29.2	GIVE_UP	30:46.6	35.774693	51.393356	35.77451	51.393303	1835148452	12272578	6	0
456047	28:29.2	GIVE_UP	30:46.6	35.774693	51.393356	35.77451	51.393303	1835148904	12468851	6	0
456047	28:29.2	GIVE_UP	30:46.6	35.774693	51.393356	35.77451	51.393303	1835150324	10264501	5	0
456047	28:29.2	GIVE_UP	30:46.6	35.774693	51.393356	35.77451	51.393303	1835150498	7354668	6	0
456047	28:29.2	GIVE_UP	30:46.6	35.774693	51.393356	35.77451	51.393303	1835150921	2769093	6	0
456047	28:29.2	GIVE_UP	30:46.6	35.774693	51.393356	35.77451	51.393303	1835151392	8347704	5	0
456047	28:29.2	GIVE_UP	30:46.6	35.774693	51.393356	35.77451	51.393303	1835152821	715463	6	0
456047	28:29.2	GIVE_UP	30:46.6	35.774693	51.393356	35.77451	51.393303	1835153430	6552768	6	0
456047	28:29.2	GIVE_UP	30:46.6	35.774693	51.393356	35.77451	51.393303	1835153588	2534937	4	0
456064	09:11.4	GIVE_UP	12:26.6	37.31549	49.58504	37.293526	49.566475	2047073018	10618299	5	0
456064	09:11.4	GIVE_UP	12:26.6	37.31549	49.58504	37.293526	49.566475	2047075227	10618299	5	0
456114	38:17.5	CANCELED	49:09.3	36.438137	59.46404	36.284405	59.62623	2007328368	8215199	5	1
456244	11:18.7	FINISHED	null	36.356365	59.51872	36.31594	59.5401	1995289182	7078046	null	0
456244	11:18.7	FINISHED	null	36.356365	59.51872	36.31594	59.5401	1995289234	11718037	1	0
456244	11:18.7	FINISHED	null	36.356365	59.51872	36.31594	59.5401	1995289251	5184006	2	1
456244	11:18.7	FINISHED	null	36.356365	59.51872	36.31594	59.5401	1995289328	7580410	2	0
456244	11:18.7	FINISHED	null	36.356365	59.51872	36.31594	59.5401	1995289347	11789151	3	0
456244	11:18.7	FINISHED	null	36.356365	59.51872	36.31594	59.5401	1995291143	14593077	3	0
456244	11:18.7	FINISHED	null	36.356365	59.51872	36.31594	59.5401	1995291173	8250486	3	0
456244	11:18.7	FINISHED	null	36.356365	59.51872	36.31594	59.5401	1995291183	14449964	3	1
456244	11:18.7	FINISHED	null	36.356365	59.51872	36.31594	59.5401	1995291251	4650895	4	0
456342	15:39.1	FINISHED	null	35.728477	51.303032	35.63771	51.373245	2076753135	14856484	1	0
456342	15:39.1	FINISHED	null	35.728477	51.303032	35.63771	51.373245	2076753422	890281	3	1
456342	15:39.1	FINISHED	null	35.728477	51.303032	35.63771	51.373245	2076753430	12321759	3	1
456342	15:39.1	FINISHED	null	35.728477	51.303032	35.63771	51.373245	2076753484	722611	4	0
456342	15:39.1	FINISHED	null	35.728477	51.303032	35.63771	51.373245	2076753496	2493074	4	0
456369	08:33.7	GIVE_UP	09:43.3	35.7666	51.36362	35.767246	51.356785	2040130720	3627120	3	0
456369	08:33.7	GIVE_UP	09:43.3	35.7666	51.36362	35.767246	51.356785	2040130740	1930899	4	0
456369	08:33.7	GIVE_UP	09:43.3	35.7666	51.36362	35.767246	51.356785	2040130815	14321109	3	0
456369	08:33.7	GIVE_UP	09:43.3	35.7666	51.36362	35.767246	51.356785	2040130880	380582	4	0
456369	08:33.7	GIVE_UP	09:43.3	35.7666	51.36362	35.767246	51.356785	2040130893	1250986	4	0
456369	08:33.7	GIVE_UP	09:43.3	35.7666	51.36362	35.767246	51.356785	2040132392	9516644	3	0
456369	08:33.7	GIVE_UP	09:43.3	35.7666	51.36362	35.767246	51.356785	2040132607	5355890	5	0
456369	08:33.7	GIVE_UP	09:43.3	35.7666	51.36362	35.767246	51.356785	2040132638	11059935	5	0
456369	08:33.7	GIVE_UP	09:43.3	35.7666	51.36362	35.767246	51.356785	2040132654	6647866	5	0
456369	08:33.7	GIVE_UP	09:43.3	35.7666	51.36362	35.767246	51.356785	2040133992	5243150	3	0
456369	08:33.7	GIVE_UP	09:43.3	35.7666	51.36362	35.767246	51.356785	2040134193	6543269	3	0
456369	08:33.7	GIVE_UP	09:43.3	35.7666	51.36362	35.767246	51.356785	2040134864	12351943	5	0
456369	08:33.7	GIVE_UP	09:43.3	35.7666	51.36362	35.767246	51.356785	2040134893	5370541	5	0
456369	08:33.7	GIVE_UP	09:43.3	35.7666	51.36362	35.767246	51.356785	2040134900	3943258	5	0
456369	08:33.7	GIVE_UP	09:43.3	35.7666	51.36362	35.767246	51.356785	2040135760	2594588	2	0
456369	08:33.7	GIVE_UP	09:43.3	35.7666	51.36362	35.767246	51.356785	2040136256	11802150	4	0
456369	08:33.7	GIVE_UP	09:43.3	35.7666	51.36362	35.767246	51.356785	2040136680	10926794	5	0
456369	08:33.7	GIVE_UP	09:43.3	35.7666	51.36362	35.767246	51.356785	2040136752	11617648	5	0
456369	08:33.7	GIVE_UP	09:43.3	35.7666	51.36362	35.767246	51.356785	2040137552	11020166	5	0
456369	08:33.7	GIVE_UP	09:43.3	35.7666	51.36362	35.767246	51.356785	2040138017	1866942	5	0
456369	08:33.7	GIVE_UP	09:43.3	35.7666	51.36362	35.767246	51.356785	2040138394	12563263	6	0
456485	40:59.0	GIVE_UP	41:03.7	35.48316	51.688225	35.52699	51.626987	2058067941	8151219	null	0
456578	34:06.6	FINISHED	null	35.761436	50.91501	35.84125	50.934418	1985906500	14298896	3	1
456578	34:06.6	FINISHED	null	35.761436	50.91501	35.84125	50.934418	1985906521	11051506	5	0
456578	34:06.6	FINISHED	null	35.761436	50.91501	35.84125	50.934418	1985906582	9218182	5	0
456578	34:06.6	FINISHED	null	35.761436	50.91501	35.84125	50.934418	1985906638	4981291	2	0
456578	34:06.6	FINISHED	null	35.761436	50.91501	35.84125	50.934418	1985907027	14201630	6	0
456633	25:19.4	FINISHED	null	35.8621068	50.9722656	35.8236788	50.97088158	1976338714	10979375	2	0
456633	25:19.4	FINISHED	null	35.8621068	50.9722656	35.8236788	50.97088158	1976339066	9973518	3	0
456633	25:19.4	FINISHED	null	35.8621068	50.9722656	35.8236788	50.97088158	1976339093	12365270	4	0
456633	25:19.4	FINISHED	null	35.8621068	50.9722656	35.8236788	50.97088158	1976339171	3628844	5	0
456633	25:19.4	FINISHED	null	35.8621068	50.9722656	35.8236788	50.97088158	1976339180	14547828	5	0
456633	25:19.4	FINISHED	null	35.8621068	50.9722656	35.8236788	50.97088158	1976340131	809600	3	0
456633	25:19.4	FINISHED	null	35.8621068	50.9722656	35.8236788	50.97088158	1976340492	11850046	5	0
456633	25:19.4	FINISHED	null	35.8621068	50.9722656	35.8236788	50.97088158	1976340525	4149686	6	0
456633	25:19.4	FINISHED	null	35.8621068	50.9722656	35.8236788	50.97088158	1976340607	4098114	6	1
456633	25:19.4	FINISHED	null	35.8621068	50.9722656	35.8236788	50.97088158	1976340614	12804311	6	0
456633	25:19.4	FINISHED	null	35.8621068	50.9722656	35.8236788	50.97088158	1976341565	5815679	6	0
456696	36:26.3	FINISHED	null	35.671005	51.44028	35.659264	51.3981	2016551015	5056742	0	0
456696	36:26.3	FINISHED	null	35.671005	51.44028	35.659264	51.3981	2016551545	10707784	5	0
456696	36:26.3	FINISHED	null	35.671005	51.44028	35.659264	51.3981	2016552610	118352	5	0
456696	36:26.3	FINISHED	null	35.671005	51.44028	35.659264	51.3981	2016553194	10378173	5	0
456696	36:26.3	FINISHED	null	35.671005	51.44028	35.659264	51.3981	2016554263	1107808	6	0
456696	36:26.3	FINISHED	null	35.671005	51.44028	35.659264	51.3981	2016554845	8683141	6	0
456696	36:26.3	FINISHED	null	35.671005	51.44028	35.659264	51.3981	2016555958	5783605	3	0
456696	36:26.3	FINISHED	null	35.671005	51.44028	35.659264	51.3981	2016556576	7496667	5	0
456696	36:26.3	FINISHED	null	35.671005	51.44028	35.659264	51.3981	2016558270	2364028	5	0
456696	36:26.3	FINISHED	null	35.671005	51.44028	35.659264	51.3981	2016559415	8359105	6	0
456696	36:26.3	FINISHED	null	35.671005	51.44028	35.659264	51.3981	2016559985	12962974	4	1
456808	17:57.5	GIVE_UP	19:35.6	35.76740762	51.31566208	35.73654741	51.54610142	2049400865	1604388	2	0
456808	17:57.5	GIVE_UP	19:35.6	35.76740762	51.31566208	35.73654741	51.54610142	2049400891	4435	5	0
456808	17:57.5	GIVE_UP	19:35.6	35.76740762	51.31566208	35.73654741	51.54610142	2049400898	11077333	5	0
456808	17:57.5	GIVE_UP	19:35.6	35.76740762	51.31566208	35.73654741	51.54610142	2049400901	10172084	6	0
456808	17:57.5	GIVE_UP	19:35.6	35.76740762	51.31566208	35.73654741	51.54610142	2049401620	14508625	3	0
456808	17:57.5	GIVE_UP	19:35.6	35.76740762	51.31566208	35.73654741	51.54610142	2049401764	8952469	4	0
456808	17:57.5	GIVE_UP	19:35.6	35.76740762	51.31566208	35.73654741	51.54610142	2049401778	3880767	6	0
456808	17:57.5	GIVE_UP	19:35.6	35.76740762	51.31566208	35.73654741	51.54610142	2049401780	7779390	6	0
456808	17:57.5	GIVE_UP	19:35.6	35.76740762	51.31566208	35.73654741	51.54610142	2049402484	8369324	2	0
456808	17:57.5	GIVE_UP	19:35.6	35.76740762	51.31566208	35.73654741	51.54610142	2049402718	6965345	4	0
456808	17:57.5	GIVE_UP	19:35.6	35.76740762	51.31566208	35.73654741	51.54610142	2049402770	2126394	5	0
456808	17:57.5	GIVE_UP	19:35.6	35.76740762	51.31566208	35.73654741	51.54610142	2049402779	1229017	6	0
456808	17:57.5	GIVE_UP	19:35.6	35.76740762	51.31566208	35.73654741	51.54610142	2049402788	9166553	6	0
456808	17:57.5	GIVE_UP	19:35.6	35.76740762	51.31566208	35.73654741	51.54610142	2049403248	6862643	5	0
456808	17:57.5	GIVE_UP	19:35.6	35.76740762	51.31566208	35.73654741	51.54610142	2049403526	6072309	5	0
456808	17:57.5	GIVE_UP	19:35.6	35.76740762	51.31566208	35.73654741	51.54610142	2049403581	8997939	5	0
456808	17:57.5	GIVE_UP	19:35.6	35.76740762	51.31566208	35.73654741	51.54610142	2049403596	12758907	6	0
456808	17:57.5	GIVE_UP	19:35.6	35.76740762	51.31566208	35.73654741	51.54610142	2049403613	1663341	6	0
456808	17:57.5	GIVE_UP	19:35.6	35.76740762	51.31566208	35.73654741	51.54610142	2049404005	13387030	5	0
456808	17:57.5	GIVE_UP	19:35.6	35.76740762	51.31566208	35.73654741	51.54610142	2049404301	14400525	6	0
456808	17:57.5	GIVE_UP	19:35.6	35.76740762	51.31566208	35.73654741	51.54610142	2049404317	12715448	7	0
456808	17:57.5	GIVE_UP	19:35.6	35.76740762	51.31566208	35.73654741	51.54610142	2049404333	1458729	7	0
456808	17:57.5	GIVE_UP	19:35.6	35.76740762	51.31566208	35.73654741	51.54610142	2049404731	6309876	6	0
456808	17:57.5	GIVE_UP	19:35.6	35.76740762	51.31566208	35.73654741	51.54610142	2049404934	14619098	6	0
456808	17:57.5	GIVE_UP	19:35.6	35.76740762	51.31566208	35.73654741	51.54610142	2049404976	4881260	7	0
456808	17:57.5	GIVE_UP	19:35.6	35.76740762	51.31566208	35.73654741	51.54610142	2049404986	8205858	7	0
456808	17:57.5	GIVE_UP	19:35.6	35.76740762	51.31566208	35.73654741	51.54610142	2049405000	6827376	7	0
456808	17:57.5	GIVE_UP	19:35.6	35.76740762	51.31566208	35.73654741	51.54610142	2049405524	5340591	7	0
456808	17:57.5	GIVE_UP	19:35.6	35.76740762	51.31566208	35.73654741	51.54610142	2049405554	5315810	8	0
456808	17:57.5	GIVE_UP	19:35.6	35.76740762	51.31566208	35.73654741	51.54610142	2049405567	9903871	8	0
456808	17:57.5	GIVE_UP	19:35.6	35.76740762	51.31566208	35.73654741	51.54610142	2049405582	3942829	8	0
456942	14:36.1	FINISHED	null	35.75359077	51.46349719	35.70596917	51.37297001	2073897368	4649596	1	0
456942	14:36.1	FINISHED	null	35.75359077	51.46349719	35.70596917	51.37297001	2073897422	7431134	1	0
456942	14:36.1	FINISHED	null	35.75359077	51.46349719	35.70596917	51.37297001	2073899603	10795553	2	1
456942	14:36.1	FINISHED	null	35.75359077	51.46349719	35.70596917	51.37297001	2073899991	5283108	3	0
456942	14:36.1	FINISHED	null	35.75359077	51.46349719	35.70596917	51.37297001	2073900010	375251	3	0
457101	25:43.6	CANCELED	27:50.4	32.65326	51.71452	32.6445	51.78565	2027736941	5542347	3	0
457101	25:43.6	CANCELED	27:50.4	32.65326	51.71452	32.6445	51.78565	2027737025	5315168	4	0
457101	25:43.6	CANCELED	27:50.4	32.65326	51.71452	32.6445	51.78565	2027739137	4993210	4	0
457101	25:43.6	CANCELED	27:50.4	32.65326	51.71452	32.6445	51.78565	2027739152	14529742	4	1
457101	25:43.6	CANCELED	27:50.4	32.65326	51.71452	32.6445	51.78565	2027739182	5341384	4	0
457358	25:55.6	FINISHED	null	35.83448	50.937077	35.79721	50.997356	1817012541	2042110	1	0
457358	25:55.6	FINISHED	null	35.83448	50.937077	35.79721	50.997356	1817012548	6578355	3	0
457358	25:55.6	FINISHED	null	35.83448	50.937077	35.79721	50.997356	1817012571	4938494	3	0
457358	25:55.6	FINISHED	null	35.83448	50.937077	35.79721	50.997356	1817012589	7532405	3	0
457358	25:55.6	FINISHED	null	35.83448	50.937077	35.79721	50.997356	1817012614	13022369	3	0
457358	25:55.6	FINISHED	null	35.83448	50.937077	35.79721	50.997356	1817013855	6901297	4	0
457358	25:55.6	FINISHED	null	35.83448	50.937077	35.79721	50.997356	1817013868	12542516	5	0
457358	25:55.6	FINISHED	null	35.83448	50.937077	35.79721	50.997356	1817013885	3816529	5	1
457358	25:55.6	FINISHED	null	35.83448	50.937077	35.79721	50.997356	1817013896	4368392	5	0
457358	25:55.6	FINISHED	null	35.83448	50.937077	35.79721	50.997356	1817013904	6818200	5	0
457409	27:57.0	CANCELED	00:02.6	32.652805	51.680386	32.622433	51.623325	1937533272	9334507	3	0
457409	27:57.0	CANCELED	00:02.6	32.652805	51.680386	32.622433	51.623325	1937533697	13149535	5	0
457409	27:57.0	CANCELED	00:02.6	32.652805	51.680386	32.622433	51.623325	1937533702	7753432	5	0
457409	27:57.0	CANCELED	00:02.6	32.652805	51.680386	32.622433	51.623325	1937533725	10772454	6	0
457409	27:57.0	CANCELED	00:02.6	32.652805	51.680386	32.622433	51.623325	1937534697	9334507	4	0
457409	27:57.0	CANCELED	00:02.6	32.652805	51.680386	32.622433	51.623325	1937535184	13149535	5	1
457409	27:57.0	CANCELED	00:02.6	32.652805	51.680386	32.622433	51.623325	1937535204	10772454	5	0
457477	54:04.2	FINISHED	null	35.728474	51.413765	35.732704	51.414677	1947298060	4722268	1	0
457477	54:04.2	FINISHED	null	35.728474	51.413765	35.732704	51.414677	1947298231	7174361	3	1
457477	54:04.2	FINISHED	null	35.728474	51.413765	35.732704	51.414677	1947298235	10866869	3	0
457477	54:04.2	FINISHED	null	35.728474	51.413765	35.732704	51.414677	1947298248	2042513	4	0
457477	54:04.2	FINISHED	null	35.728474	51.413765	35.732704	51.414677	1947298258	6352221	4	0
457723	56:59.2	CANCELED	58:05.9	29.62661	52.497234	29.594597	52.467155	1920940723	6348442	5	1
457723	56:59.2	CANCELED	58:05.9	29.62661	52.497234	29.594597	52.467155	1920944164	6815957	4	0
457829	57:32.4	CANCELED	00:47.3	36.44833	59.474205	36.255135	59.599358	2062540528	3743931	1	0
457829	57:32.4	CANCELED	00:47.3	36.44833	59.474205	36.255135	59.599358	2062540578	4110941	2	0
457829	57:32.4	CANCELED	00:47.3	36.44833	59.474205	36.255135	59.599358	2062541418	9499590	5	0
457829	57:32.4	CANCELED	00:47.3	36.44833	59.474205	36.255135	59.599358	2062543097	3743931	1	0
457829	57:32.4	CANCELED	00:47.3	36.44833	59.474205	36.255135	59.599358	2062544555	9499590	5	0
457829	57:32.4	CANCELED	00:47.3	36.44833	59.474205	36.255135	59.599358	2062559819	3797092	5	1
457987	10:03.1	FINISHED	null	35.83381948	50.94131794	35.83841166	50.94707161	1992839842	2873912	1	0
457987	10:03.1	FINISHED	null	35.83381948	50.94131794	35.83841166	50.94707161	1992840520	7464813	3	0
457987	10:03.1	FINISHED	null	35.83381948	50.94131794	35.83841166	50.94707161	1992840703	11010638	5	0
457987	10:03.1	FINISHED	null	35.83381948	50.94131794	35.83841166	50.94707161	1992842049	6590234	0	0
457987	10:03.1	FINISHED	null	35.83381948	50.94131794	35.83841166	50.94707161	1992842810	6879302	3	0
457987	10:03.1	FINISHED	null	35.83381948	50.94131794	35.83841166	50.94707161	1992842949	10141515	3	0
457987	10:03.1	FINISHED	null	35.83381948	50.94131794	35.83841166	50.94707161	1992843034	12303122	4	1
458112	55:34.7	GIVE_UP	55:36.5	35.83851	50.946896	35.80505	50.994934	1977199317	5804700	2	0
458112	55:34.7	GIVE_UP	55:36.5	35.83851	50.946896	35.80505	50.994934	1977199334	11000693	2	0
458112	55:34.7	GIVE_UP	55:36.5	35.83851	50.946896	35.80505	50.994934	1977199340	9897368	2	0
458112	55:34.7	GIVE_UP	55:36.5	35.83851	50.946896	35.80505	50.994934	1977199371	13613752	3	0
458450	55:23.9	FINISHED	null	35.708878	51.4061	35.733696	51.487396	1930834114	8814446	2	0
458450	55:23.9	FINISHED	null	35.708878	51.4061	35.733696	51.487396	1930834148	145480	3	1
458450	55:23.9	FINISHED	null	35.708878	51.4061	35.733696	51.487396	1930834177	7148339	3	0
458450	55:23.9	FINISHED	null	35.708878	51.4061	35.733696	51.487396	1930834212	5149658	3	0
458450	55:23.9	FINISHED	null	35.708878	51.4061	35.733696	51.487396	1930834261	4678636	3	0
458450	55:23.9	FINISHED	null	35.708878	51.4061	35.733696	51.487396	1930836844	13450815	2	0
458450	55:23.9	FINISHED	null	35.708878	51.4061	35.733696	51.487396	1930836920	754129	2	0
458450	55:23.9	FINISHED	null	35.708878	51.4061	35.733696	51.487396	1930836960	14113349	3	1
458450	55:23.9	FINISHED	null	35.708878	51.4061	35.733696	51.487396	1930837055	6603707	3	0
458450	55:23.9	FINISHED	null	35.708878	51.4061	35.733696	51.487396	1930837091	10883187	4	0
458514	48:36.0	GIVE_UP	51:21.9	32.64648	51.66767	32.71883	51.585793	1925821376	13179136	6	0
458514	48:36.0	GIVE_UP	51:21.9	32.64648	51.66767	32.71883	51.585793	1925821442	7041765	5	0
458514	48:36.0	GIVE_UP	51:21.9	32.64648	51.66767	32.71883	51.585793	1925822713	12258571	1	0
458514	48:36.0	GIVE_UP	51:21.9	32.64648	51.66767	32.71883	51.585793	1925823211	13179136	6	0
458514	48:36.0	GIVE_UP	51:21.9	32.64648	51.66767	32.71883	51.585793	1925825059	2736292	6	0
458514	48:36.0	GIVE_UP	51:21.9	32.64648	51.66767	32.71883	51.585793	1925825080	10132605	null	0
458514	48:36.0	GIVE_UP	51:21.9	32.64648	51.66767	32.71883	51.585793	1925826219	2401929	1	0
458514	48:36.0	GIVE_UP	51:21.9	32.64648	51.66767	32.71883	51.585793	1925826477	14303633	6	0
458514	48:36.0	GIVE_UP	51:21.9	32.64648	51.66767	32.71883	51.585793	1925829181	6166158	1	0
458514	48:36.0	GIVE_UP	51:21.9	32.64648	51.66767	32.71883	51.585793	1925834291	8973674	5	0
458514	48:36.0	GIVE_UP	51:21.9	32.64648	51.66767	32.71883	51.585793	1925834367	12258571	1	0
458581	27:54.2	GIVE_UP	30:53.6	35.72492	51.29002	35.69338	51.397152	1920601021	12672522	5	0
458581	27:54.2	GIVE_UP	30:53.6	35.72492	51.29002	35.69338	51.397152	1920602877	5307590	7	0
458581	27:54.2	GIVE_UP	30:53.6	35.72492	51.29002	35.69338	51.397152	1920605000	12672522	4	0
458581	27:54.2	GIVE_UP	30:53.6	35.72492	51.29002	35.69338	51.397152	1920606922	5307590	7	0
458581	27:54.2	GIVE_UP	30:53.6	35.72492	51.29002	35.69338	51.397152	1920611399	7627394	6	0
458581	27:54.2	GIVE_UP	30:53.6	35.72492	51.29002	35.69338	51.397152	1920612804	10204323	7	0
458581	27:54.2	GIVE_UP	30:53.6	35.72492	51.29002	35.69338	51.397152	1920615936	6090409	8	0
458581	27:54.2	GIVE_UP	30:53.6	35.72492	51.29002	35.69338	51.397152	1920618685	7627394	5	0
458581	27:54.2	GIVE_UP	30:53.6	35.72492	51.29002	35.69338	51.397152	1920620214	6090409	7	0
458581	27:54.2	GIVE_UP	30:53.6	35.72492	51.29002	35.69338	51.397152	1920642230	9763531	6	0
458581	27:54.2	GIVE_UP	30:53.6	35.72492	51.29002	35.69338	51.397152	1920645985	9763531	6	0
458628	15:31.1	DRIVER_NOT_FOUND	18:59.1	36.320923	59.52347	36.407463	59.473137	2024310357	7218396	4	0
458628	15:31.1	DRIVER_NOT_FOUND	18:59.1	36.320923	59.52347	36.407463	59.473137	2024310369	6097169	6	0
458628	15:31.1	DRIVER_NOT_FOUND	18:59.1	36.320923	59.52347	36.407463	59.473137	2024310384	9818799	5	0
458628	15:31.1	DRIVER_NOT_FOUND	18:59.1	36.320923	59.52347	36.407463	59.473137	2024310393	14220366	4	0
458628	15:31.1	DRIVER_NOT_FOUND	18:59.1	36.320923	59.52347	36.407463	59.473137	2024311538	3558775	4	0
458628	15:31.1	DRIVER_NOT_FOUND	18:59.1	36.320923	59.52347	36.407463	59.473137	2024311551	6921142	6	0
458628	15:31.1	DRIVER_NOT_FOUND	18:59.1	36.320923	59.52347	36.407463	59.473137	2024311561	7218396	3	0
458628	15:31.1	DRIVER_NOT_FOUND	18:59.1	36.320923	59.52347	36.407463	59.473137	2024311604	14220366	4	0
458628	15:31.1	DRIVER_NOT_FOUND	18:59.1	36.320923	59.52347	36.407463	59.473137	2024311614	6752720	5	0
458628	15:31.1	DRIVER_NOT_FOUND	18:59.1	36.320923	59.52347	36.407463	59.473137	2024312687	5872967	5	0
458628	15:31.1	DRIVER_NOT_FOUND	18:59.1	36.320923	59.52347	36.407463	59.473137	2024312700	3558775	4	0
458628	15:31.1	DRIVER_NOT_FOUND	18:59.1	36.320923	59.52347	36.407463	59.473137	2024312753	9818799	5	0
458628	15:31.1	DRIVER_NOT_FOUND	18:59.1	36.320923	59.52347	36.407463	59.473137	2024312766	6752720	5	0
458628	15:31.1	DRIVER_NOT_FOUND	18:59.1	36.320923	59.52347	36.407463	59.473137	2024312782	6921142	6	0
458628	15:31.1	DRIVER_NOT_FOUND	18:59.1	36.320923	59.52347	36.407463	59.473137	2024313710	12131315	4	0
458628	15:31.1	DRIVER_NOT_FOUND	18:59.1	36.320923	59.52347	36.407463	59.473137	2024313725	5872967	5	0
458628	15:31.1	DRIVER_NOT_FOUND	18:59.1	36.320923	59.52347	36.407463	59.473137	2024314791	13436699	5	0
458628	15:31.1	DRIVER_NOT_FOUND	18:59.1	36.320923	59.52347	36.407463	59.473137	2024314818	12131315	3	0
458628	15:31.1	DRIVER_NOT_FOUND	18:59.1	36.320923	59.52347	36.407463	59.473137	2024315157	10082566	4	0
458628	15:31.1	DRIVER_NOT_FOUND	18:59.1	36.320923	59.52347	36.407463	59.473137	2024315164	4219523	5	0
458628	15:31.1	DRIVER_NOT_FOUND	18:59.1	36.320923	59.52347	36.407463	59.473137	2024315842	4785058	4	0
458628	15:31.1	DRIVER_NOT_FOUND	18:59.1	36.320923	59.52347	36.407463	59.473137	2024316220	10082566	4	0
458628	15:31.1	DRIVER_NOT_FOUND	18:59.1	36.320923	59.52347	36.407463	59.473137	2024316248	4219523	5	0
458628	15:31.1	DRIVER_NOT_FOUND	18:59.1	36.320923	59.52347	36.407463	59.473137	2024316877	4785058	4	0
458628	15:31.1	DRIVER_NOT_FOUND	18:59.1	36.320923	59.52347	36.407463	59.473137	2024318551	10888299	5	0
458628	15:31.1	DRIVER_NOT_FOUND	18:59.1	36.320923	59.52347	36.407463	59.473137	2024319342	14601708	4	0
458628	15:31.1	DRIVER_NOT_FOUND	18:59.1	36.320923	59.52347	36.407463	59.473137	2024320270	13436699	3	0
458628	15:31.1	DRIVER_NOT_FOUND	18:59.1	36.320923	59.52347	36.407463	59.473137	2024321868	14497183	5	0
458752	44:23.6	GIVE_UP	44:35.6	35.882355	50.965267	35.86813	50.96082	1923314125	1385118	3	0
458752	44:23.6	GIVE_UP	44:35.6	35.882355	50.965267	35.86813	50.96082	1923314163	8368565	3	0
458752	44:23.6	GIVE_UP	44:35.6	35.882355	50.965267	35.86813	50.96082	1923314186	5685297	4	0
458752	44:23.6	GIVE_UP	44:35.6	35.882355	50.965267	35.86813	50.96082	1923314249	5182101	5	0
458752	44:23.6	GIVE_UP	44:35.6	35.882355	50.965267	35.86813	50.96082	1923314426	6625918	5	0
458803	52:45.7	FINISHED	null	35.67765	51.44529	35.710705	51.40292	2073233935	2045288	4	0
458803	52:45.7	FINISHED	null	35.67765	51.44529	35.710705	51.40292	2073233960	591471	4	0
458803	52:45.7	FINISHED	null	35.67765	51.44529	35.710705	51.40292	2073233994	4044825	5	0
458803	52:45.7	FINISHED	null	35.67765	51.44529	35.710705	51.40292	2073234030	10188314	5	0
458803	52:45.7	FINISHED	null	35.67765	51.44529	35.710705	51.40292	2073234075	2325370	6	0
458803	52:45.7	FINISHED	null	35.67765	51.44529	35.710705	51.40292	2073236765	8215311	4	0
458803	52:45.7	FINISHED	null	35.67765	51.44529	35.710705	51.40292	2073236805	8431199	5	0
458803	52:45.7	FINISHED	null	35.67765	51.44529	35.710705	51.40292	2073236851	13263019	5	0
458803	52:45.7	FINISHED	null	35.67765	51.44529	35.710705	51.40292	2073236908	4209472	6	0
458803	52:45.7	FINISHED	null	35.67765	51.44529	35.710705	51.40292	2073236971	2505784	8	0
458803	52:45.7	FINISHED	null	35.67765	51.44529	35.710705	51.40292	2073239563	4120969	7	0
458803	52:45.7	FINISHED	null	35.67765	51.44529	35.710705	51.40292	2073239651	6834997	8	0
458803	52:45.7	FINISHED	null	35.67765	51.44529	35.710705	51.40292	2073239719	14667026	8	0
458803	52:45.7	FINISHED	null	35.67765	51.44529	35.710705	51.40292	2073239765	1850698	8	0
458803	52:45.7	FINISHED	null	35.67765	51.44529	35.710705	51.40292	2073239805	8431199	5	0
458803	52:45.7	FINISHED	null	35.67765	51.44529	35.710705	51.40292	2073242358	7444036	5	0
458803	52:45.7	FINISHED	null	35.67765	51.44529	35.710705	51.40292	2073242425	1107808	8	0
458803	52:45.7	FINISHED	null	35.67765	51.44529	35.710705	51.40292	2073242489	3596141	8	0
458803	52:45.7	FINISHED	null	35.67765	51.44529	35.710705	51.40292	2073242520	8215311	4	0
458803	52:45.7	FINISHED	null	35.67765	51.44529	35.710705	51.40292	2073242656	4044825	5	0
458803	52:45.7	FINISHED	null	35.67765	51.44529	35.710705	51.40292	2073245212	2364028	0	0
458803	52:45.7	FINISHED	null	35.67765	51.44529	35.710705	51.40292	2073246073	7437216	5	0
458803	52:45.7	FINISHED	null	35.67765	51.44529	35.710705	51.40292	2073246121	9679768	6	0
458803	52:45.7	FINISHED	null	35.67765	51.44529	35.710705	51.40292	2073246240	7444036	5	0
458803	52:45.7	FINISHED	null	35.67765	51.44529	35.710705	51.40292	2073246334	10546010	6	0
458803	52:45.7	FINISHED	null	35.67765	51.44529	35.710705	51.40292	2073248097	7113375	4	0
458803	52:45.7	FINISHED	null	35.67765	51.44529	35.710705	51.40292	2073248979	6570337	6	0
458803	52:45.7	FINISHED	null	35.67765	51.44529	35.710705	51.40292	2073249000	7925853	7	0
458803	52:45.7	FINISHED	null	35.67765	51.44529	35.710705	51.40292	2073249131	8164445	7	0
458803	52:45.7	FINISHED	null	35.67765	51.44529	35.710705	51.40292	2073249278	1955337	8	0
458803	52:45.7	FINISHED	null	35.67765	51.44529	35.710705	51.40292	2073251164	9867441	4	1
458803	52:45.7	FINISHED	null	35.67765	51.44529	35.710705	51.40292	2073252097	12376030	6	0
458803	52:45.7	FINISHED	null	35.67765	51.44529	35.710705	51.40292	2073252269	14748107	6	0
458906	35:42.6	FINISHED	null	32.676327	51.67126	32.699287	51.653137	2066257335	3274476	1	0
458906	35:42.6	FINISHED	null	32.676327	51.67126	32.699287	51.653137	2066257383	14343057	2	0
458906	35:42.6	FINISHED	null	32.676327	51.67126	32.699287	51.653137	2066258442	9597456	2	0
458906	35:42.6	FINISHED	null	32.676327	51.67126	32.699287	51.653137	2066259553	13637336	3	1
458906	35:42.6	FINISHED	null	32.676327	51.67126	32.699287	51.653137	2066259566	1723107	3	1
459286	45:39.8	GIVE_UP	46:00.7	35.73844812	51.31346671	35.73051071	51.24179078	1966835808	10719719	3	0
459286	45:39.8	GIVE_UP	46:00.7	35.73844812	51.31346671	35.73051071	51.24179078	1966835839	10775192	3	0
459286	45:39.8	GIVE_UP	46:00.7	35.73844812	51.31346671	35.73051071	51.24179078	1966835875	9054533	4	0
459286	45:39.8	GIVE_UP	46:00.7	35.73844812	51.31346671	35.73051071	51.24179078	1966837837	7476331	4	0
459286	45:39.8	GIVE_UP	46:00.7	35.73844812	51.31346671	35.73051071	51.24179078	1966837861	8014156	4	1
459286	45:39.8	GIVE_UP	46:00.7	35.73844812	51.31346671	35.73051071	51.24179078	1966837890	4935758	5	0
459316	29:55.8	DRIVER_NOT_FOUND	33:21.3	35.787685	51.3965	35.686794	51.429104	1875045090	12169318	4	0
459316	29:55.8	DRIVER_NOT_FOUND	33:21.3	35.787685	51.3965	35.686794	51.429104	1875052693	12169318	4	0
459316	29:55.8	DRIVER_NOT_FOUND	33:21.3	35.787685	51.3965	35.686794	51.429104	1875053898	11037046	8	0
459316	29:55.8	DRIVER_NOT_FOUND	33:21.3	35.787685	51.3965	35.686794	51.429104	1875055163	1710202	7	0
459316	29:55.8	DRIVER_NOT_FOUND	33:21.3	35.787685	51.3965	35.686794	51.429104	1875064069	11037046	8	0
459316	29:55.8	DRIVER_NOT_FOUND	33:21.3	35.787685	51.3965	35.686794	51.429104	1875067331	1710202	7	0
459365	22:48.2	CANCELED	31:57.5	35.483994	51.680313	35.639362	51.484344	2046717466	13030089	1	0
459365	22:48.2	CANCELED	31:57.5	35.483994	51.680313	35.639362	51.484344	2046717586	11970875	2	0
459365	22:48.2	CANCELED	31:57.5	35.483994	51.680313	35.639362	51.484344	2046719244	6874899	1	0
459365	22:48.2	CANCELED	31:57.5	35.483994	51.680313	35.639362	51.484344	2046719660	4292833	2	1
459444	49:45.9	FINISHED	null	35.771294	51.30271	35.752907	51.30175	1839399556	790808	4	0
459444	49:45.9	FINISHED	null	35.771294	51.30271	35.752907	51.30175	1839399565	10579773	2	1
459444	49:45.9	FINISHED	null	35.771294	51.30271	35.752907	51.30175	1839399595	156184	2	0
459444	49:45.9	FINISHED	null	35.771294	51.30271	35.752907	51.30175	1839399715	8973213	3	0
459573	42:33.3	CANCELED	44:57.4	35.758694	51.44763	35.650223	51.441395	2017385515	3687190	6	0
459573	42:33.3	CANCELED	44:57.4	35.758694	51.44763	35.650223	51.441395	2017386980	3358427	7	0
459573	42:33.3	CANCELED	44:57.4	35.758694	51.44763	35.650223	51.441395	2017386987	14644220	7	0
459573	42:33.3	CANCELED	44:57.4	35.758694	51.44763	35.650223	51.441395	2017388405	4916749	5	0
459573	42:33.3	CANCELED	44:57.4	35.758694	51.44763	35.650223	51.441395	2017388429	12838490	6	0
459573	42:33.3	CANCELED	44:57.4	35.758694	51.44763	35.650223	51.441395	2017389891	10978781	5	0
459573	42:33.3	CANCELED	44:57.4	35.758694	51.44763	35.650223	51.441395	2017389902	4889570	6	0
459573	42:33.3	CANCELED	44:57.4	35.758694	51.44763	35.650223	51.441395	2017391822	10838792	7	0
459573	42:33.3	CANCELED	44:57.4	35.758694	51.44763	35.650223	51.441395	2017392804	8251595	5	1
459573	42:33.3	CANCELED	44:57.4	35.758694	51.44763	35.650223	51.441395	2017393315	6191498	6	1
459606	48:49.8	FINISHED	null	35.706112	51.444492	35.677563	51.386173	1931402868	8188938	3	0
459606	48:49.8	FINISHED	null	35.706112	51.444492	35.677563	51.386173	1931403329	7326864	4	0
459606	48:49.8	FINISHED	null	35.706112	51.444492	35.677563	51.386173	1931403404	8135595	5	0
459606	48:49.8	FINISHED	null	35.706112	51.444492	35.677563	51.386173	1931403454	260507	5	0
459606	48:49.8	FINISHED	null	35.706112	51.444492	35.677563	51.386173	1931405727	8922345	3	0
459606	48:49.8	FINISHED	null	35.706112	51.444492	35.677563	51.386173	1931406135	13213460	5	0
459606	48:49.8	FINISHED	null	35.706112	51.444492	35.677563	51.386173	1931406253	7030498	6	0
459606	48:49.8	FINISHED	null	35.706112	51.444492	35.677563	51.386173	1931406298	2327638	5	0
459606	48:49.8	FINISHED	null	35.706112	51.444492	35.677563	51.386173	1931408641	5517108	3	0
