STATION,STATION_NAME,DATE,PRCP,SNWD,SNOW,TMAX,TMIN,AWND
GHCND:USW00094728,NY CITY CENTRAL PARK NY US,20140101,0.00,0.0,0.0,33,24,5.6
GHCND:USW00094728,NY CITY CENTRAL PARK NY US,20140102,0.33,0.0,3.1,33,18,12.3
GHCND:USW00094728,NY CITY CENTRAL PARK NY US,20140103,0.29,5.9,3.3,18,9,10.5
GHCND:USW00094728,NY CITY CENTRAL PARK NY US,20140104,0.00,5.9,0.0,29,8,4.9
GHCND:USW00094728,NY CITY CENTRAL PARK NY US,20140105,0.14,3.9,0.0,40,27,3.8
GHCND:USW00094728,NY CITY CENTRAL PARK NY US,20140106,0.36,1.2,0.0,55,19,8.5
GHCND:USW00094728,NY CITY CENTRAL PARK NY US,20140107,0.00,0.0,0.0,19,4,13.2
GHCND:USW00094728,NY CITY CENTRAL PARK NY US,20140108,0.00,0.0,0.0,22,9,7.2
GHCND:USW00094728,NY CITY CENTRAL PARK NY US,20140109,0.00,0.0,0.0,32,22,2.9
GHCND:USW00094728,NY CITY CENTRAL PARK NY US,20140110,0.11,0.0,0.0,37,30,3.4
GHCND:USW00094728,NY CITY CENTRAL PARK NY US,20140111,0.50,0.0,0.0,58,37,7.2
GHCND:USW00094728,NY CITY CENTRAL PARK NY US,20140112,0.05,0.0,0.0,54,38,8.3
GHCND:USW00094728,NY CITY CENTRAL PARK NY US,20140113,0.00,0.0,0.0,51,37,5.1
GHCND:USW00094728,NY CITY CENTRAL PARK NY US,20140114,0.38,0.0,0.0,52,44,4.9
GHCND:USW00094728,NY CITY CENTRAL PARK NY US,20140115,0.00,0.0,0.0,47,39,2.9
GHCND:USW00094728,NY CITY CENTRAL PARK NY US,20140116,0.00,0.0,0.0,42,36,4.0
GHCND:USW00094728,NY CITY CENTRAL PARK NY US,20140117,0.00,0.0,0.0,44,33,3.6
GHCND:USW00094728,NY CITY CENTRAL PARK NY US,20140118,0.07,0.0,0.0,41,29,7.2
GHCND:USW00094728,NY CITY CENTRAL PARK NY US,20140119,0.00,0.0,0.0,38,24,7.4
GHCND:USW00094728,NY CITY CENTRAL PARK NY US,20140120,0.00,0.0,0.0,46,31,7.4
GHCND:USW00094728,NY CITY CENTRAL PARK NY US,20140121,0.46,0.0,11.0,31,11,10.5
GHCND:USW00094728,NY CITY CENTRAL PARK NY US,20140122,0.02,11.0,0.5,17,5,8.7
GHCND:USW00094728,NY CITY CENTRAL PARK NY US,20140123,0.00,7.1,0.0,20,7,7.2
GHCND:USW00094728,NY CITY CENTRAL PARK NY US,20140124,0.00,5.9,0.0,20,10,8.1
GHCND:USW00094728,NY CITY CENTRAL PARK NY US,20140125,0.04,3.9,1.0,28,19,7.6
GHCND:USW00094728,NY CITY CENTRAL PARK NY US,20140126,0.00,3.9,0.0,34,17,-9999
GHCND:USW00094728,NY CITY CENTRAL PARK NY US,20140127,0.00,3.1,0.0,44,21,7.8
GHCND:USW00094728,NY CITY CENTRAL PARK NY US,20140128,0.00,1.2,0.0,21,12,6.0
GHCND:USW00094728,NY CITY CENTRAL PARK NY US,20140129,0.04,2.0,0.8,23,14,6.5
GHCND:USW00094728,NY CITY CENTRAL PARK NY US,20140130,0.00,1.0,0.0,30,16,3.8
GHCND:USW00094728,NY CITY CENTRAL PARK NY US,20140131,0.00,1.2,0.0,39,25,4.9
GHCND:USW00094728,NY CITY CENTRAL PARK NY US,20140201,0.00,1.2,0.0,45,36,3.6
GHCND:USW00094728,NY CITY CENTRAL PARK NY US,20140202,0.00,1.2,0.0,56,39,3.1
GHCND:USW00094728,NY CITY CENTRAL PARK NY US,20140203,1.17,1.2,8.0,43,27,6.7
GHCND:USW00094728,NY CITY CENTRAL PARK NY US,20140204,0.00,7.9,0.0,35,22,2.2
GHCND:USW00094728,NY CITY CENTRAL PARK NY US,20140205,1.43,9.1,4.0,34,29,7.2
GHCND:USW00094728,NY CITY CENTRAL PARK NY US,20140206,0.00,9.1,0.0,32,21,4.0
GHCND:USW00094728,NY CITY CENTRAL PARK NY US,20140207,0.00,9.1,0.0,32,24,6.7
GHCND:USW00094728,NY CITY CENTRAL PARK NY US,20140208,0.00,9.1,0.0,29,21,4.9
GHCND:USW00094728,NY CITY CENTRAL PARK NY US,20140209,0.10,7.9,1.2,31,21,3.6
GHCND:USW00094728,NY CITY CENTRAL PARK NY US,20140210,0.00,9.8,0.0,29,21,7.2
GHCND:USW00094728,NY CITY CENTRAL PARK NY US,20140211,0.00,9.8,0.0,26,16,5.4
GHCND:USW00094728,NY CITY CENTRAL PARK NY US,20140212,0.00,9.8,0.0,25,13,5.8
GHCND:USW00094728,NY CITY CENTRAL PARK NY US,20140213,1.78,11.8,9.5,36,24,12.5
GHCND:USW00094728,NY CITY CENTRAL PARK NY US,20140214,0.30,18.1,3.0,40,31,10.5
GHCND:USW00094728,NY CITY CENTRAL PARK NY US,20140215,0.13,18.1,1.6,37,27,9.4
GHCND:USW00094728,NY CITY CENTRAL PARK NY US,20140216,0.00,18.1,0.0,30,21,8.9
GHCND:USW00094728,NY CITY CENTRAL PARK NY US,20140217,0.00,16.9,0.0,32,18,5.4
GHCND:USW00094728,NY CITY CENTRAL PARK NY US,20140218,0.16,18.1,1.5,39,26,5.1
GHCND:USW00094728,NY CITY CENTRAL PARK NY US,20140219,0.26,16.9,0.0,45,34,5.1
GHCND:USW00094728,NY CITY CENTRAL PARK NY US,20140220,0.03,15.0,0.0,51,37,4.9
GHCND:USW00094728,NY CITY CENTRAL PARK NY US,20140221,0.09,13.0,0.0,49,36,7.4
GHCND:USW00094728,NY CITY CENTRAL PARK NY US,20140222,0.00,9.8,0.0,54,40,7.2
GHCND:USW00094728,NY CITY CENTRAL PARK NY US,20140223,0.00,9.1,0.0,54,43,5.4
GHCND:USW00094728,NY CITY CENTRAL PARK NY US,20140224,0.00,5.9,0.0,44,27,9.4
GHCND:USW00094728,NY CITY CENTRAL PARK NY US,20140225,0.00,5.9,0.0,33,24,6.9
GHCND:USW00094728,NY CITY CENTRAL PARK NY US,20140226,0.03,5.9,0.2,31,20,5.4
GHCND:USW00094728,NY CITY CENTRAL PARK NY US,20140227,0.00,5.9,0.0,34,14,8.5
GHCND:USW00094728,NY CITY CENTRAL PARK NY US,20140228,0.00,5.9,0.0,24,9,4.7
GHCND:USW00094728,NY CITY CENTRAL PARK NY US,20140301,0.00,5.9,0.0,37,20,4.5
GHCND:USW00094728,NY CITY CENTRAL PARK NY US,20140302,0.00,5.1,0.0,40,32,3.8
GHCND:USW00094728,NY CITY CENTRAL PARK NY US,20140303,0.04,5.1,0.1,32,17,6.7
GHCND:USW00094728,NY CITY CENTRAL PARK NY US,20140304,0.00,5.1,0.0,29,13,4.7
GHCND:USW00094728,NY CITY CENTRAL PARK NY US,20140305,0.00,3.9,0.0,39,26,5.1
GHCND:USW00094728,NY CITY CENTRAL PARK NY US,20140306,0.00,3.9,0.0,31,16,8.5
GHCND:USW00094728,NY CITY CENTRAL PARK NY US,20140307,0.00,3.9,0.0,37,26,7.8
GHCND:USW00094728,NY CITY CENTRAL PARK NY US,20140308,0.00,3.1,0.0,57,35,5.8
GHCND:USW00094728,NY CITY CENTRAL PARK NY US,20140309,0.00,2.0,0.0,44,36,6.3
GHCND:USW00094728,NY CITY CENTRAL PARK NY US,20140310,0.00,1.2,0.0,51,36,5.4
GHCND:USW00094728,NY CITY CENTRAL PARK NY US,20140311,0.00,0.0,0.0,66,45,4.7
GHCND:USW00094728,NY CITY CENTRAL PARK NY US,20140312,0.35,0.0,0.0,56,32,5.4
GHCND:USW00094728,NY CITY CENTRAL PARK NY US,20140313,0.00,0.0,0.0,32,18,14.1
GHCND:USW00094728,NY CITY CENTRAL PARK NY US,20140314,0.00,0.0,0.0,46,22,5.6
GHCND:USW00094728,NY CITY CENTRAL PARK NY US,20140315,0.00,0.0,0.0,58,42,8.9
GHCND:USW00094728,NY CITY CENTRAL PARK NY US,20140316,0.00,0.0,0.0,42,30,7.6
GHCND:USW00094728,NY CITY CENTRAL PARK NY US,20140317,0.00,0.0,0.0,35,23,8.1
GHCND:USW00094728,NY CITY CENTRAL PARK NY US,20140318,0.00,0.0,0.0,43,28,6.9
GHCND:USW00094728,NY CITY CENTRAL PARK NY US,20140319,0.92,0.0,0.0,46,32,7.2
GHCND:USW00094728,NY CITY CENTRAL PARK NY US,20140320,0.00,0.0,0.0,54,40,8.1
GHCND:USW00094728,NY CITY CENTRAL PARK NY US,20140321,0.00,0.0,0.0,51,39,7.6
GHCND:USW00094728,NY CITY CENTRAL PARK NY US,20140322,0.00,0.0,0.0,63,41,6.9
GHCND:USW00094728,NY CITY CENTRAL PARK NY US,20140323,0.00,0.0,0.0,42,27,7.4
GHCND:USW00094728,NY CITY CENTRAL PARK NY US,20140324,0.00,0.0,0.0,35,21,6.7
GHCND:USW00094728,NY CITY CENTRAL PARK NY US,20140325,0.00,0.0,0.0,39,26,5.8
GHCND:USW00094728,NY CITY CENTRAL PARK NY US,20140326,0.00,0.0,0.0,36,24,11.9
GHCND:USW00094728,NY CITY CENTRAL PARK NY US,20140327,0.00,0.0,0.0,44,22,6.7
GHCND:USW00094728,NY CITY CENTRAL PARK NY US,20140328,0.04,0.0,0.0,62,37,5.4
GHCND:USW00094728,NY CITY CENTRAL PARK NY US,20140329,1.81,0.0,0.0,59,43,10.7
GHCND:USW00094728,NY CITY CENTRAL PARK NY US,20140330,0.35,0.0,0.0,49,39,10.1
GHCND:USW00094728,NY CITY CENTRAL PARK NY US,20140331,0.16,0.0,0.0,56,36,8.3
GHCND:USW00094728,NY CITY CENTRAL PARK NY US,20140401,0.00,0.0,0.0,60,39,4.7
GHCND:USW00094728,NY CITY CENTRAL PARK NY US,20140402,0.00,0.0,0.0,54,42,2.0
GHCND:USW00094728,NY CITY CENTRAL PARK NY US,20140403,0.07,0.0,0.0,67,46,3.8
GHCND:USW00094728,NY CITY CENTRAL PARK NY US,20140404,0.21,0.0,0.0,47,40,8.5
GHCND:USW00094728,NY CITY CENTRAL PARK NY US,20140405,0.00,0.0,0.0,54,40,8.5
GHCND:USW00094728,NY CITY CENTRAL PARK NY US,20140406,0.00,0.0,0.0,61,36,4.3
GHCND:USW00094728,NY CITY CENTRAL PARK NY US,20140407,0.52,0.0,0.0,53,43,6.0
GHCND:USW00094728,NY CITY CENTRAL PARK NY US,20140408,0.34,0.0,0.0,64,46,6.9
GHCND:USW00094728,NY CITY CENTRAL PARK NY US,20140409,0.00,0.0,0.0,61,45,6.9
GHCND:USW00094728,NY CITY CENTRAL PARK NY US,20140410,0.00,0.0,0.0,58,42,6.9
GHCND:USW00094728,NY CITY CENTRAL PARK NY US,20140411,0.00,0.0,0.0,75,56,5.8
GHCND:USW00094728,NY CITY CENTRAL PARK NY US,20140412,0.00,0.0,0.0,73,50,4.3
GHCND:USW00094728,NY CITY CENTRAL PARK NY US,20140413,0.00,0.0,0.0,77,54,5.8
GHCND:USW00094728,NY CITY CENTRAL PARK NY US,20140414,0.00,0.0,0.0,75,59,7.4
GHCND:USW00094728,NY CITY CENTRAL PARK NY US,20140415,0.71,0.0,0.0,63,33,8.7
GHCND:USW00094728,NY CITY CENTRAL PARK NY US,20140416,0.05,0.0,0.0,49,31,7.6
GHCND:USW00094728,NY CITY CENTRAL PARK NY US,20140417,0.00,0.0,0.0,48,36,7.8
GHCND:USW00094728,NY CITY CENTRAL PARK NY US,20140418,0.00,0.0,0.0,49,35,5.4
GHCND:USW00094728,NY CITY CENTRAL PARK NY US,20140419,0.00,0.0,0.0,68,41,5.6
GHCND:USW00094728,NY CITY CENTRAL PARK NY US,20140420,0.00,0.0,0.0,60,45,6.3
GHCND:USW00094728,NY CITY CENTRAL PARK NY US,20140421,0.00,0.0,0.0,67,41,4.3
GHCND:USW00094728,NY CITY CENTRAL PARK NY US,20140422,0.01,0.0,0.0,71,51,5.6
GHCND:USW00094728,NY CITY CENTRAL PARK NY US,20140423,0.00,0.0,0.0,61,44,9.4
GHCND:USW00094728,NY CITY CENTRAL PARK NY US,20140424,0.00,0.0,0.0,62,42,8.5
GHCND:USW00094728,NY CITY CENTRAL PARK NY US,20140425,0.02,0.0,0.0,63,44,4.9
GHCND:USW00094728,NY CITY CENTRAL PARK NY US,20140426,0.92,0.0,0.0,67,46,5.4
GHCND:USW00094728,NY CITY CENTRAL PARK NY US,20140427,0.00,0.0,0.0,59,47,5.8
GHCND:USW00094728,NY CITY CENTRAL PARK NY US,20140428,0.00,0.0,0.0,67,45,4.3
GHCND:USW00094728,NY CITY CENTRAL PARK NY US,20140429,0.03,0.0,0.0,52,43,8.9
GHCND:USW00094728,NY CITY CENTRAL PARK NY US,20140430,4.97,0.0,0.0,52,41,8.3
GHCND:USW00094728,NY CITY CENTRAL PARK NY US,20140501,0.12,0.0,0.0,78,51,4.5
GHCND:USW00094728,NY CITY CENTRAL PARK NY US,20140502,0.00,0.0,0.0,70,56,4.5
GHCND:USW00094728,NY CITY CENTRAL PARK NY US,20140503,0.08,0.0,0.0,71,54,3.4
GHCND:USW00094728,NY CITY CENTRAL PARK NY US,20140504,0.02,0.0,0.0,65,54,8.3
GHCND:USW00094728,NY CITY CENTRAL PARK NY US,20140505,0.00,0.0,0.0,70,50,7.4
GHCND:USW00094728,NY CITY CENTRAL PARK NY US,20140506,0.00,0.0,0.0,71,52,3.8
GHCND:USW00094728,NY CITY CENTRAL PARK NY US,20140507,0.00,0.0,0.0,69,50,4.0
GHCND:USW00094728,NY CITY CENTRAL PARK NY US,20140508,0.41,0.0,0.0,59,53,4.5
GHCND:USW00094728,NY CITY CENTRAL PARK NY US,20140509,0.04,0.0,0.0,63,55,3.1
GHCND:USW00094728,NY CITY CENTRAL PARK NY US,20140510,0.37,0.0,0.0,83,57,4.5
GHCND:USW00094728,NY CITY CENTRAL PARK NY US,20140511,0.03,0.0,0.0,82,60,3.1
GHCND:USW00094728,NY CITY CENTRAL PARK NY US,20140512,0.00,0.0,0.0,85,64,1.8
GHCND:USW00094728,NY CITY CENTRAL PARK NY US,20140513,0.00,0.0,0.0,73,53,7.2
GHCND:USW00094728,NY CITY CENTRAL PARK NY US,20140514,0.01,0.0,0.0,71,52,4.7
GHCND:USW00094728,NY CITY CENTRAL PARK NY US,20140515,0.15,0.0,0.0,71,58,5.4
GHCND:USW00094728,NY CITY CENTRAL PARK NY US,20140516,1.54,0.0,0.0,68,58,6.5
GHCND:USW00094728,NY CITY CENTRAL PARK NY US,20140517,0.00,0.0,0.0,70,53,4.9
GHCND:USW00094728,NY CITY CENTRAL PARK NY US,20140518,0.00,0.0,0.0,67,51,5.8
GHCND:USW00094728,NY CITY CENTRAL PARK NY US,20140519,0.00,0.0,0.0,72,49,4.7
GHCND:USW00094728,NY CITY CENTRAL PARK NY US,20140520,0.00,0.0,0.0,78,53,3.1
GHCND:USW00094728,NY CITY CENTRAL PARK NY US,20140521,0.00,0.0,0.0,74,63,2.5
GHCND:USW00094728,NY CITY CENTRAL PARK NY US,20140522,0.24,0.0,0.0,67,59,3.1
GHCND:USW00094728,NY CITY CENTRAL PARK NY US,20140523,0.91,0.0,0.0,71,56,4.3
GHCND:USW00094728,NY CITY CENTRAL PARK NY US,20140524,0.40,0.0,0.0,70,57,3.6
GHCND:USW00094728,NY CITY CENTRAL PARK NY US,20140525,0.00,0.0,0.0,80,55,2.0
GHCND:USW00094728,NY CITY CENTRAL PARK NY US,20140526,0.00,0.0,0.0,86,66,4.9
GHCND:USW00094728,NY CITY CENTRAL PARK NY US,20140527,0.00,0.0,0.0,86,64,4.3
GHCND:USW00094728,NY CITY CENTRAL PARK NY US,20140528,0.00,0.0,0.0,64,54,7.6
GHCND:USW00094728,NY CITY CENTRAL PARK NY US,20140529,0.00,0.0,0.0,66,51,4.3
GHCND:USW00094728,NY CITY CENTRAL PARK NY US,20140530,0.00,0.0,0.0,75,55,2.5
GHCND:USW00094728,NY CITY CENTRAL PARK NY US,20140531,0.05,0.0,0.0,73,57,5.8
GHCND:USW00094728,NY CITY CENTRAL PARK NY US,20140601,0.00,0.0,0.0,77,55,3.6
GHCND:USW00094728,NY CITY CENTRAL PARK NY US,20140602,0.00,0.0,0.0,80,59,4.5
GHCND:USW00094728,NY CITY CENTRAL PARK NY US,20140603,0.12,0.0,0.0,87,65,4.0
GHCND:USW00094728,NY CITY CENTRAL PARK NY US,20140604,0.00,0.0,0.0,82,63,3.6
GHCND:USW00094728,NY CITY CENTRAL PARK NY US,20140605,0.87,0.0,0.0,76,61,5.6
GHCND:USW00094728,NY CITY CENTRAL PARK NY US,20140606,0.00,0.0,0.0,76,61,4.5
GHCND:USW00094728,NY CITY CENTRAL PARK NY US,20140607,0.00,0.0,0.0,82,60,2.9
GHCND:USW00094728,NY CITY CENTRAL PARK NY US,20140608,0.00,0.0,0.0,86,66,2.9
GHCND:USW00094728,NY CITY CENTRAL PARK NY US,20140609,1.60,0.0,0.0,73,63,4.3
GHCND:USW00094728,NY CITY CENTRAL PARK NY US,20140610,0.00,0.0,0.0,77,65,3.4
GHCND:USW00094728,NY CITY CENTRAL PARK NY US,20140611,0.02,0.0,0.0,70,61,7.2
GHCND:USW00094728,NY CITY CENTRAL PARK NY US,20140612,0.07,0.0,0.0,73,60,5.6
GHCND:USW00094728,NY CITY CENTRAL PARK NY US,20140613,1.28,0.0,0.0,79,65,3.6
GHCND:USW00094728,NY CITY CENTRAL PARK NY US,20140614,0.00,0.0,0.0,74,60,4.7
GHCND:USW00094728,NY CITY CENTRAL PARK NY US,20140615,0.00,0.0,0.0,80,59,4.3
GHCND:USW00094728,NY CITY CENTRAL PARK NY US,20140616,0.00,0.0,0.0,81,63,2.9
GHCND:USW00094728,NY CITY CENTRAL PARK NY US,20140617,0.00,0.0,0.0,89,71,4.0
GHCND:USW00094728,NY CITY CENTRAL PARK NY US,20140618,0.00,0.0,0.0,89,76,5.8
GHCND:USW00094728,NY CITY CENTRAL PARK NY US,20140619,0.15,0.0,0.0,77,68,3.8
GHCND:USW00094728,NY CITY CENTRAL PARK NY US,20140620,0.00,0.0,0.0,79,64,4.5
GHCND:USW00094728,NY CITY CENTRAL PARK NY US,20140621,0.00,0.0,0.0,78,62,4.9
GHCND:USW00094728,NY CITY CENTRAL PARK NY US,20140622,0.00,0.0,0.0,79,64,2.0
GHCND:USW00094728,NY CITY CENTRAL PARK NY US,20140623,0.00,0.0,0.0,81,65,2.7
GHCND:USW00094728,NY CITY CENTRAL PARK NY US,20140624,0.00,0.0,0.0,81,68,4.9
GHCND:USW00094728,NY CITY CENTRAL PARK NY US,20140625,0.08,0.0,0.0,85,70,4.9
GHCND:USW00094728,NY CITY CENTRAL PARK NY US,20140626,0.07,0.0,0.0,85,70,4.7
GHCND:USW00094728,NY CITY CENTRAL PARK NY US,20140627,0.00,0.0,0.0,83,67,2.9
GHCND:USW00094728,NY CITY CENTRAL PARK NY US,20140628,0.00,0.0,0.0,87,66,2.9
GHCND:USW00094728,NY CITY CENTRAL PARK NY US,20140629,0.00,0.0,0.0,83,68,2.7
GHCND:USW00094728,NY CITY CENTRAL PARK NY US,20140630,0.00,0.0,0.0,84,69,2.7
GHCND:USW00094728,NY CITY CENTRAL PARK NY US,20140701,0.00,0.0,0.0,89,72,5.1
GHCND:USW00094728,NY CITY CENTRAL PARK NY US,20140702,0.96,0.0,0.0,91,72,3.8
GHCND:USW00094728,NY CITY CENTRAL PARK NY US,20140703,1.78,0.0,0.0,87,69,2.9
GHCND:USW00094728,NY CITY CENTRAL PARK NY US,20140704,0.14,0.0,0.0,74,65,5.4
GHCND:USW00094728,NY CITY CENTRAL PARK NY US,20140705,0.00,0.0,0.0,81,63,6.7
GHCND:USW00094728,NY CITY CENTRAL PARK NY US,20140706,0.00,0.0,0.0,84,66,4.9
GHCND:USW00094728,NY CITY CENTRAL PARK NY US,20140707,0.04,0.0,0.0,90,72,5.8
GHCND:USW00094728,NY CITY CENTRAL PARK NY US,20140708,0.39,0.0,0.0,91,71,4.7
GHCND:USW00094728,NY CITY CENTRAL PARK NY US,20140709,0.09,0.0,0.0,88,71,4.3
GHCND:USW00094728,NY CITY CENTRAL PARK NY US,20140710,0.00,0.0,0.0,83,72,2.9
GHCND:USW00094728,NY CITY CENTRAL PARK NY US,20140711,0.00,0.0,0.0,86,71,4.0
GHCND:USW00094728,NY CITY CENTRAL PARK NY US,20140712,0.00,0.0,0.0,85,71,3.4
GHCND:USW00094728,NY CITY CENTRAL PARK NY US,20140713,0.03,0.0,0.0,83,72,5.1
GHCND:USW00094728,NY CITY CENTRAL PARK NY US,20140714,0.46,0.0,0.0,84,72,4.5
GHCND:USW00094728,NY CITY CENTRAL PARK NY US,20140715,1.30,0.0,0.0,86,72,2.7
GHCND:USW00094728,NY CITY CENTRAL PARK NY US,20140716,0.00,0.0,0.0,81,68,3.8
GHCND:USW00094728,NY CITY CENTRAL PARK NY US,20140717,0.00,0.0,0.0,81,67,4.0
GHCND:USW00094728,NY CITY CENTRAL PARK NY US,20140718,0.00,0.0,0.0,81,64,4.0
GHCND:USW00094728,NY CITY CENTRAL PARK NY US,20140719,0.00,0.0,0.0,76,68,5.1
GHCND:USW00094728,NY CITY CENTRAL PARK NY US,20140720,0.00,0.0,0.0,80,66,4.0
GHCND:USW00094728,NY CITY CENTRAL PARK NY US,20140721,0.00,0.0,0.0,85,67,2.0
GHCND:USW00094728,NY CITY CENTRAL PARK NY US,20140722,0.00,0.0,0.0,86,71,3.8
GHCND:USW00094728,NY CITY CENTRAL PARK NY US,20140723,0.19,0.0,0.0,88,72,4.9
GHCND:USW00094728,NY CITY CENTRAL PARK NY US,20140724,0.00,0.0,0.0,80,70,4.9
GHCND:USW00094728,NY CITY CENTRAL PARK NY US,20140725,0.00,0.0,0.0,82,66,4.3
GHCND:USW00094728,NY CITY CENTRAL PARK NY US,20140726,0.00,0.0,0.0,81,69,4.3
GHCND:USW00094728,NY CITY CENTRAL PARK NY US,20140727,0.02,0.0,0.0,85,71,3.4
GHCND:USW00094728,NY CITY CENTRAL PARK NY US,20140728,0.19,0.0,0.0,82,68,7.4
GHCND:USW00094728,NY CITY CENTRAL PARK NY US,20140729,0.00,0.0,0.0,76,64,4.9
GHCND:USW00094728,NY CITY CENTRAL PARK NY US,20140730,0.00,0.0,0.0,80,63,2.9
GHCND:USW00094728,NY CITY CENTRAL PARK NY US,20140731,0.00,0.0,0.0,82,68,3.4
GHCND:USW00094728,NY CITY CENTRAL PARK NY US,20140801,0.00,0.0,0.0,84,71,3.8
GHCND:USW00094728,NY CITY CENTRAL PARK NY US,20140802,0.41,0.0,0.0,74,63,6.0
GHCND:USW00094728,NY CITY CENTRAL PARK NY US,20140803,0.07,0.0,0.0,76,66,2.2
GHCND:USW00094728,NY CITY CENTRAL PARK NY US,20140804,0.00,0.0,0.0,84,70,3.4
GHCND:USW00094728,NY CITY CENTRAL PARK NY US,20140805,0.00,0.0,0.0,90,71,2.5
GHCND:USW00094728,NY CITY CENTRAL PARK NY US,20140806,0.00,0.0,0.0,83,70,2.9
GHCND:USW00094728,NY CITY CENTRAL PARK NY US,20140807,0.00,0.0,0.0,83,66,4.3
GHCND:USW00094728,NY CITY CENTRAL PARK NY US,20140808,0.00,0.0,0.0,83,65,3.1
GHCND:USW00094728,NY CITY CENTRAL PARK NY US,20140809,0.00,0.0,0.0,87,66,2.9
GHCND:USW00094728,NY CITY CENTRAL PARK NY US,20140810,0.00,0.0,0.0,88,68,2.9
GHCND:USW00094728,NY CITY CENTRAL PARK NY US,20140811,0.00,0.0,0.0,87,71,3.1
GHCND:USW00094728,NY CITY CENTRAL PARK NY US,20140812,0.19,0.0,0.0,79,70,5.8
GHCND:USW00094728,NY CITY CENTRAL PARK NY US,20140813,0.53,0.0,0.0,82,68,5.6
GHCND:USW00094728,NY CITY CENTRAL PARK NY US,20140814,0.00,0.0,0.0,77,63,4.7
GHCND:USW00094728,NY CITY CENTRAL PARK NY US,20140815,0.00,0.0,0.0,73,61,5.4
GHCND:USW00094728,NY CITY CENTRAL PARK NY US,20140816,0.00,0.0,0.0,78,63,4.0
GHCND:USW00094728,NY CITY CENTRAL PARK NY US,20140817,0.01,0.0,0.0,82,66,3.6
GHCND:USW00094728,NY CITY CENTRAL PARK NY US,20140818,0.00,0.0,0.0,81,63,4.5
GHCND:USW00094728,NY CITY CENTRAL PARK NY US,20140819,0.00,0.0,0.0,83,63,3.8
GHCND:USW00094728,NY CITY CENTRAL PARK NY US,20140820,0.00,0.0,0.0,84,70,2.2
GHCND:USW00094728,NY CITY CENTRAL PARK NY US,20140821,0.35,0.0,0.0,83,65,3.6
GHCND:USW00094728,NY CITY CENTRAL PARK NY US,20140822,0.06,0.0,0.0,79,65,4.7
GHCND:USW00094728,NY CITY CENTRAL PARK NY US,20140823,0.01,0.0,0.0,77,67,4.7
GHCND:USW00094728,NY CITY CENTRAL PARK NY US,20140824,0.00,0.0,0.0,80,64,3.1
GHCND:USW00094728,NY CITY CENTRAL PARK NY US,20140825,0.00,0.0,0.0,88,64,2.7
GHCND:USW00094728,NY CITY CENTRAL PARK NY US,20140826,0.00,0.0,0.0,89,70,2.2
GHCND:USW00094728,NY CITY CENTRAL PARK NY US,20140827,0.00,0.0,0.0,90,70,3.4
GHCND:USW00094728,NY CITY CENTRAL PARK NY US,20140828,0.00,0.0,0.0,82,66,5.4
GHCND:USW00094728,NY CITY CENTRAL PARK NY US,20140829,0.00,0.0,0.0,80,61,3.4
GHCND:USW00094728,NY CITY CENTRAL PARK NY US,20140830,0.00,0.0,0.0,80,65,2.2
GHCND:USW00094728,NY CITY CENTRAL PARK NY US,20140831,0.62,0.0,0.0,90,73,3.4
GHCND:USW00094728,NY CITY CENTRAL PARK NY US,20140901,0.00,0.0,0.0,88,75,2.9
GHCND:USW00094728,NY CITY CENTRAL PARK NY US,20140902,0.00,0.0,0.0,92,77,5.4
GHCND:USW00094728,NY CITY CENTRAL PARK NY US,20140903,0.00,0.0,0.0,86,72,3.4
GHCND:USW00094728,NY CITY CENTRAL PARK NY US,20140904,0.00,0.0,0.0,87,69,2.7
GHCND:USW00094728,NY CITY CENTRAL PARK NY US,20140905,0.00,0.0,0.0,87,72,2.9
GHCND:USW00094728,NY CITY CENTRAL PARK NY US,20140906,0.11,0.0,0.0,91,67,4.7
GHCND:USW00094728,NY CITY CENTRAL PARK NY US,20140907,0.00,0.0,0.0,81,65,4.7
GHCND:USW00094728,NY CITY CENTRAL PARK NY US,20140908,0.00,0.0,0.0,75,65,7.6
GHCND:USW00094728,NY CITY CENTRAL PARK NY US,20140909,0.00,0.0,0.0,73,63,7.8
GHCND:USW00094728,NY CITY CENTRAL PARK NY US,20140910,0.00,0.0,0.0,80,63,5.8
GHCND:USW00094728,NY CITY CENTRAL PARK NY US,20140911,0.00,0.0,0.0,83,69,4.7
GHCND:USW00094728,NY CITY CENTRAL PARK NY US,20140912,0.00,0.0,0.0,78,62,5.1
GHCND:USW00094728,NY CITY CENTRAL PARK NY US,20140913,0.26,0.0,0.0,69,58,5.1
GHCND:USW00094728,NY CITY CENTRAL PARK NY US,20140914,0.00,0.0,0.0,71,53,3.1
GHCND:USW00094728,NY CITY CENTRAL PARK NY US,20140915,0.00,0.0,0.0,71,55,2.9
GHCND:USW00094728,NY CITY CENTRAL PARK NY US,20140916,0.37,0.0,0.0,70,58,2.2
GHCND:USW00094728,NY CITY CENTRAL PARK NY US,20140917,0.00,0.0,0.0,73,55,2.7
GHCND:USW00094728,NY CITY CENTRAL PARK NY US,20140918,0.00,0.0,0.0,76,57,2.7
GHCND:USW00094728,NY CITY CENTRAL PARK NY US,20140919,0.00,0.0,0.0,66,54,7.6
GHCND:USW00094728,NY CITY CENTRAL PARK NY US,20140920,0.00,0.0,0.0,75,57,2.9
GHCND:USW00094728,NY CITY CENTRAL PARK NY US,20140921,0.15,0.0,0.0,75,67,1.6
GHCND:USW00094728,NY CITY CENTRAL PARK NY US,20140922,0.00,0.0,0.0,71,55,6.7
GHCND:USW00094728,NY CITY CENTRAL PARK NY US,20140923,0.00,0.0,0.0,71,52,1.8
GHCND:USW00094728,NY CITY CENTRAL PARK NY US,20140924,0.00,0.0,0.0,71,58,5.6
GHCND:USW00094728,NY CITY CENTRAL PARK NY US,20140925,0.32,0.0,0.0,64,57,8.3
GHCND:USW00094728,NY CITY CENTRAL PARK NY US,20140926,0.00,0.0,0.0,77,58,4.3
GHCND:USW00094728,NY CITY CENTRAL PARK NY US,20140927,0.00,0.0,0.0,83,60,2.5
GHCND:USW00094728,NY CITY CENTRAL PARK NY US,20140928,0.00,0.0,0.0,84,64,1.8
GHCND:USW00094728,NY CITY CENTRAL PARK NY US,20140929,0.00,0.0,0.0,79,67,0.7
GHCND:USW00094728,NY CITY CENTRAL PARK NY US,20140930,0.00,0.0,0.0,71,62,4.7
GHCND:USW00094728,NY CITY CENTRAL PARK NY US,20141001,0.02,0.0,0.0,65,61,6.0
GHCND:USW00094728,NY CITY CENTRAL PARK NY US,20141002,0.00,0.0,0.0,70,61,4.7
GHCND:USW00094728,NY CITY CENTRAL PARK NY US,20141003,0.00,0.0,0.0,71,56,4.3
GHCND:USW00094728,NY CITY CENTRAL PARK NY US,20141004,1.18,0.0,0.0,69,52,6.7
GHCND:USW00094728,NY CITY CENTRAL PARK NY US,20141005,0.00,0.0,0.0,61,46,5.6
GHCND:USW00094728,NY CITY CENTRAL PARK NY US,20141006,0.00,0.0,0.0,69,50,3.8
GHCND:USW00094728,NY CITY CENTRAL PARK NY US,20141007,0.06,0.0,0.0,71,63,4.7
GHCND:USW00094728,NY CITY CENTRAL PARK NY US,20141008,0.04,0.0,0.0,73,62,7.2
GHCND:USW00094728,NY CITY CENTRAL PARK NY US,20141009,0.00,0.0,0.0,68,55,5.6
GHCND:USW00094728,NY CITY CENTRAL PARK NY US,20141010,0.00,0.0,0.0,64,52,2.2
GHCND:USW00094728,NY CITY CENTRAL PARK NY US,20141011,0.33,0.0,0.0,60,50,4.5
GHCND:USW00094728,NY CITY CENTRAL PARK NY US,20141012,0.00,0.0,0.0,63,48,2.7
GHCND:USW00094728,NY CITY CENTRAL PARK NY US,20141013,0.05,0.0,0.0,65,52,2.7
GHCND:USW00094728,NY CITY CENTRAL PARK NY US,20141014,0.00,0.0,0.0,76,63,4.7
GHCND:USW00094728,NY CITY CENTRAL PARK NY US,20141015,0.69,0.0,0.0,77,69,5.1
GHCND:USW00094728,NY CITY CENTRAL PARK NY US,20141016,1.11,0.0,0.0,71,61,4.0
GHCND:USW00094728,NY CITY CENTRAL PARK NY US,20141017,0.00,0.0,0.0,71,59,4.5
GHCND:USW00094728,NY CITY CENTRAL PARK NY US,20141018,0.00,0.0,0.0,70,56,6.3
GHCND:USW00094728,NY CITY CENTRAL PARK NY US,20141019,0.00,0.0,0.0,56,44,7.6
GHCND:USW00094728,NY CITY CENTRAL PARK NY US,20141020,0.00,0.0,0.0,60,42,3.8
GHCND:USW00094728,NY CITY CENTRAL PARK NY US,20141021,0.11,0.0,0.0,67,55,3.6
GHCND:USW00094728,NY CITY CENTRAL PARK NY US,20141022,1.51,0.0,0.0,58,50,9.4
GHCND:USW00094728,NY CITY CENTRAL PARK NY US,20141023,0.61,0.0,0.0,53,50,7.6
GHCND:USW00094728,NY CITY CENTRAL PARK NY US,20141024,0.00,0.0,0.0,63,51,4.5
GHCND:USW00094728,NY CITY CENTRAL PARK NY US,20141025,0.01,0.0,0.0,67,50,5.8
GHCND:USW00094728,NY CITY CENTRAL PARK NY US,20141026,0.00,0.0,0.0,63,53,7.8
GHCND:USW00094728,NY CITY CENTRAL PARK NY US,20141027,0.00,0.0,0.0,63,48,5.1
GHCND:USW00094728,NY CITY CENTRAL PARK NY US,20141028,0.00,0.0,0.0,72,53,2.9
GHCND:USW00094728,NY CITY CENTRAL PARK NY US,20141029,0.00,0.0,0.0,72,51,4.9
GHCND:USW00094728,NY CITY CENTRAL PARK NY US,20141030,0.00,0.0,0.0,59,47,3.6
GHCND:USW00094728,NY CITY CENTRAL PARK NY US,20141031,0.05,0.0,0.0,55,45,6.5
GHCND:USW00094728,NY CITY CENTRAL PARK NY US,20141101,0.35,0.0,0.0,47,42,8.9
GHCND:USW00094728,NY CITY CENTRAL PARK NY US,20141102,0.00,0.0,0.0,48,41,10.7
GHCND:USW00094728,NY CITY CENTRAL PARK NY US,20141103,0.00,0.0,0.0,61,39,5.8
GHCND:USW00094728,NY CITY CENTRAL PARK NY US,20141104,0.00,0.0,0.0,68,53,4.7
GHCND:USW00094728,NY CITY CENTRAL PARK NY US,20141105,0.00,0.0,0.0,64,56,4.5
GHCND:USW00094728,NY CITY CENTRAL PARK NY US,20141106,0.37,0.0,0.0,57,48,3.1
GHCND:USW00094728,NY CITY CENTRAL PARK NY US,20141107,0.00,0.0,0.0,53,40,7.4
GHCND:USW00094728,NY CITY CENTRAL PARK NY US,20141108,0.00,0.0,0.0,48,36,6.0
GHCND:USW00094728,NY CITY CENTRAL PARK NY US,20141109,0.00,0.0,0.0,57,46,2.7
GHCND:USW00094728,NY CITY CENTRAL PARK NY US,20141110,0.00,0.0,0.0,61,44,2.5
GHCND:USW00094728,NY CITY CENTRAL PARK NY US,20141111,0.00,0.0,0.0,64,49,3.4
GHCND:USW00094728,NY CITY CENTRAL PARK NY US,20141112,0.00,0.0,0.0,65,47,2.7
GHCND:USW00094728,NY CITY CENTRAL PARK NY US,20141113,0.20,0.0,0.0,48,36,3.6
GHCND:USW00094728,NY CITY CENTRAL PARK NY US,20141114,0.06,0.0,0.0,42,35,7.2
GHCND:USW00094728,NY CITY CENTRAL PARK NY US,20141115,0.00,0.0,0.0,42,33,3.6
GHCND:USW00094728,NY CITY CENTRAL PARK NY US,20141116,0.03,0.0,0.0,45,35,3.8
GHCND:USW00094728,NY CITY CENTRAL PARK NY US,20141117,1.54,0.0,0.0,52,40,3.8
GHCND:USW00094728,NY CITY CENTRAL PARK NY US,20141118,0.00,0.0,0.0,45,24,10.1
GHCND:USW00094728,NY CITY CENTRAL PARK NY US,20141119,0.00,0.0,0.0,36,22,7.2
GHCND:USW00094728,NY CITY CENTRAL PARK NY US,20141120,0.00,0.0,0.0,45,31,7.2
GHCND:USW00094728,NY CITY CENTRAL PARK NY US,20141121,0.00,0.0,0.0,37,28,7.6
GHCND:USW00094728,NY CITY CENTRAL PARK NY US,20141122,0.00,0.0,0.0,44,28,4.9
GHCND:USW00094728,NY CITY CENTRAL PARK NY US,20141123,0.00,0.0,0.0,57,43,3.8
GHCND:USW00094728,NY CITY CENTRAL PARK NY US,20141124,0.70,0.0,0.0,69,53,5.4
GHCND:USW00094728,NY CITY CENTRAL PARK NY US,20141125,0.00,0.0,0.0,68,51,5.1
GHCND:USW00094728,NY CITY CENTRAL PARK NY US,20141126,1.24,0.0,0.2,51,34,8.7
GHCND:USW00094728,NY CITY CENTRAL PARK NY US,20141127,0.02,0.0,0.0,38,34,5.1
GHCND:USW00094728,NY CITY CENTRAL PARK NY US,20141128,0.00,0.0,0.0,37,29,5.8
GHCND:USW00094728,NY CITY CENTRAL PARK NY US,20141129,0.00,0.0,0.0,45,27,3.6
GHCND:USW00094728,NY CITY CENTRAL PARK NY US,20141130,0.00,0.0,0.0,55,45,4.3
GHCND:USW00094728,NY CITY CENTRAL PARK NY US,20141201,0.09,0.0,0.0,65,42,6.7
GHCND:USW00094728,NY CITY CENTRAL PARK NY US,20141202,0.08,0.0,0.0,43,35,9.2
GHCND:USW00094728,NY CITY CENTRAL PARK NY US,20141203,0.06,0.0,0.0,46,41,7.6
GHCND:USW00094728,NY CITY CENTRAL PARK NY US,20141204,0.00,0.0,0.0,45,37,5.8
GHCND:USW00094728,NY CITY CENTRAL PARK NY US,20141205,0.51,0.0,0.0,44,34,6.0
GHCND:USW00094728,NY CITY CENTRAL PARK NY US,20141206,1.22,0.0,0.0,50,39,4.0
GHCND:USW00094728,NY CITY CENTRAL PARK NY US,20141207,0.04,0.0,0.0,42,30,11.9
GHCND:USW00094728,NY CITY CENTRAL PARK NY US,20141208,0.00,0.0,0.0,37,24,11.4
GHCND:USW00094728,NY CITY CENTRAL PARK NY US,20141209,2.54,0.0,0.0,42,36,10.3
GHCND:USW00094728,NY CITY CENTRAL PARK NY US,20141210,0.08,0.0,1.0,40,32,8.3
GHCND:USW00094728,NY CITY CENTRAL PARK NY US,20141211,0.01,1.2,0.0,38,31,7.6
GHCND:USW00094728,NY CITY CENTRAL PARK NY US,20141212,0.00,0.0,0.0,38,32,8.1
GHCND:USW00094728,NY CITY CENTRAL PARK NY US,20141213,0.00,0.0,0.0,44,34,8.9
GHCND:USW00094728,NY CITY CENTRAL PARK NY US,20141214,0.00,0.0,0.0,46,38,6.0
GHCND:USW00094728,NY CITY CENTRAL PARK NY US,20141215,0.00,0.0,0.0,48,37,2.7
GHCND:USW00094728,NY CITY CENTRAL PARK NY US,20141216,0.20,0.0,0.0,49,38,3.8
GHCND:USW00094728,NY CITY CENTRAL PARK NY US,20141217,0.02,0.0,0.0,54,42,5.8
GHCND:USW00094728,NY CITY CENTRAL PARK NY US,20141218,0.00,0.0,0.0,42,37,8.7
GHCND:USW00094728,NY CITY CENTRAL PARK NY US,20141219,0.00,0.0,0.0,38,31,7.2
GHCND:USW00094728,NY CITY CENTRAL PARK NY US,20141220,0.00,0.0,0.0,33,30,4.9
GHCND:USW00094728,NY CITY CENTRAL PARK NY US,20141221,0.00,0.0,0.0,36,31,4.9
GHCND:USW00094728,NY CITY CENTRAL PARK NY US,20141222,0.04,0.0,0.0,44,35,6.0
GHCND:USW00094728,NY CITY CENTRAL PARK NY US,20141223,0.16,0.0,0.0,46,43,8.3
GHCND:USW00094728,NY CITY CENTRAL PARK NY US,20141224,0.80,0.0,0.0,58,44,5.8
GHCND:USW00094728,NY CITY CENTRAL PARK NY US,20141225,0.09,0.0,0.0,62,44,9.6
GHCND:USW00094728,NY CITY CENTRAL PARK NY US,20141226,0.00,0.0,0.0,50,40,5.8
GHCND:USW00094728,NY CITY CENTRAL PARK NY US,20141227,0.00,0.0,0.0,55,44,4.5
GHCND:USW00094728,NY CITY CENTRAL PARK NY US,20141228,0.10,0.0,0.0,54,43,5.8
GHCND:USW00094728,NY CITY CENTRAL PARK NY US,20141229,0.00,0.0,0.0,44,34,5.1
GHCND:USW00094728,NY CITY CENTRAL PARK NY US,20141230,0.00,0.0,0.0,34,28,4.3
GHCND:USW00094728,NY CITY CENTRAL PARK NY US,20141231,0.00,0.0,0.0,32,27,5.6
GHCND:USW00094728,NY CITY CENTRAL PARK NY US,20150101,0.00,0.0,0.0,39,27,7.2
GHCND:USW00094728,NY CITY CENTRAL PARK NY US,20150102,0.00,0.0,0.0,42,35,7.2
GHCND:USW00094728,NY CITY CENTRAL PARK NY US,20150103,0.71,0.0,0.0,42,33,6.5
GHCND:USW00094728,NY CITY CENTRAL PARK NY US,20150104,0.30,0.0,0.0,56,41,6.5
GHCND:USW00094728,NY CITY CENTRAL PARK NY US,20150105,0.00,0.0,0.0,49,21,10.5
GHCND:USW00094728,NY CITY CENTRAL PARK NY US,20150106,0.05,0.0,1.0,22,19,4.0
GHCND:USW00094728,NY CITY CENTRAL PARK NY US,20150107,0.00,1.2,0.0,23,9,12.8
GHCND:USW00094728,NY CITY CENTRAL PARK NY US,20150108,0.00,0.0,0.0,21,8,8.7
GHCND:USW00094728,NY CITY CENTRAL PARK NY US,20150109,0.07,0.0,1.5,33,19,8.7
GHCND:USW00094728,NY CITY CENTRAL PARK NY US,20150110,0.00,1.2,0.0,23,16,8.1
GHCND:USW00094728,NY CITY CENTRAL PARK NY US,20150111,0.00,1.2,0.0,37,18,6.0
GHCND:USW00094728,NY CITY CENTRAL PARK NY US,20150112,0.36,0.0,0.0,39,35,3.8
GHCND:USW00094728,NY CITY CENTRAL PARK NY US,20150113,0.00,0.0,0.0,36,17,8.5
GHCND:USW00094728,NY CITY CENTRAL PARK NY US,20150114,0.00,0.0,0.0,32,16,6.3
GHCND:USW00094728,NY CITY CENTRAL PARK NY US,20150115,0.00,0.0,0.0,35,25,4.7
GHCND:USW00094728,NY CITY CENTRAL PARK NY US,20150116,0.00,0.0,0.0,43,20,9.8
GHCND:USW00094728,NY CITY CENTRAL PARK NY US,20150117,0.00,0.0,0.0,32,17,6.0
GHCND:USW00094728,NY CITY CENTRAL PARK NY US,20150118,2.10,0.0,0.0,42,31,3.8
GHCND:USW00094728,NY CITY CENTRAL PARK NY US,20150119,0.00,0.0,0.0,42,36,7.6
GHCND:USW00094728,NY CITY CENTRAL PARK NY US,20150120,0.00,0.0,0.0,40,32,5.8
GHCND:USW00094728,NY CITY CENTRAL PARK NY US,20150121,0.00,0.0,0.0,36,25,4.3
GHCND:USW00094728,NY CITY CENTRAL PARK NY US,20150122,0.00,0.0,0.0,40,31,5.6
GHCND:USW00094728,NY CITY CENTRAL PARK NY US,20150123,0.00,0.0,0.0,39,28,5.6
GHCND:USW00094728,NY CITY CENTRAL PARK NY US,20150124,0.72,3.1,3.6,39,33,6.0
GHCND:USW00094728,NY CITY CENTRAL PARK NY US,20150125,0.00,2.0,0.0,42,31,6.3
GHCND:USW00094728,NY CITY CENTRAL PARK NY US,20150126,0.48,2.0,5.5,31,22,12.8
GHCND:USW00094728,NY CITY CENTRAL PARK NY US,20150127,0.36,7.9,4.3,30,20,8.3
GHCND:USW00094728,NY CITY CENTRAL PARK NY US,20150128,0.00,7.9,0.0,34,16,7.6
GHCND:USW00094728,NY CITY CENTRAL PARK NY US,20150129,0.02,5.9,0.0,36,19,3.8
GHCND:USW00094728,NY CITY CENTRAL PARK NY US,20150130,0.06,7.1,1.0,38,19,10.5
GHCND:USW00094728,NY CITY CENTRAL PARK NY US,20150131,0.00,7.1,0.0,26,13,12.3
GHCND:USW00094728,NY CITY CENTRAL PARK NY US,20150201,0.03,5.9,0.3,36,20,3.8
GHCND:USW00094728,NY CITY CENTRAL PARK NY US,20150202,1.02,7.1,5.0,34,14,9.8
GHCND:USW00094728,NY CITY CENTRAL PARK NY US,20150203,0.00,7.9,0.0,26,13,7.2
GHCND:USW00094728,NY CITY CENTRAL PARK NY US,20150204,0.00,7.9,0.0,43,24,4.3
GHCND:USW00094728,NY CITY CENTRAL PARK NY US,20150205,0.00,7.9,0.0,42,14,8.5
GHCND:USW00094728,NY CITY CENTRAL PARK NY US,20150206,0.00,7.9,0.0,27,12,7.2
GHCND:USW00094728,NY CITY CENTRAL PARK NY US,20150207,0.02,7.9,0.0,40,25,3.8
GHCND:USW00094728,NY CITY CENTRAL PARK NY US,20150208,0.00,7.9,0.0,37,29,8.5
GHCND:USW00094728,NY CITY CENTRAL PARK NY US,20150209,0.09,7.9,0.0,29,25,11.0
GHCND:USW00094728,NY CITY CENTRAL PARK NY US,20150210,0.01,7.9,0.1,40,26,10.5
GHCND:USW00094728,NY CITY CENTRAL PARK NY US,20150211,0.00,7.9,0.0,34,22,6.5
GHCND:USW00094728,NY CITY CENTRAL PARK NY US,20150212,0.00,7.9,0.0,40,16,7.4
GHCND:USW00094728,NY CITY CENTRAL PARK NY US,20150213,0.00,7.9,0.0,21,8,9.2
GHCND:USW00094728,NY CITY CENTRAL PARK NY US,20150214,0.02,7.9,0.9,32,16,5.4
GHCND:USW00094728,NY CITY CENTRAL PARK NY US,20150215,0.00,9.1,0.0,25,4,14.5
GHCND:USW00094728,NY CITY CENTRAL PARK NY US,20150216,0.00,9.1,0.0,21,3,6.9
GHCND:USW00094728,NY CITY CENTRAL PARK NY US,20150217,0.14,11.8,3.3,27,14,4.7
GHCND:USW00094728,NY CITY CENTRAL PARK NY US,20150218,0.00,9.1,0.0,33,19,4.3
GHCND:USW00094728,NY CITY CENTRAL PARK NY US,20150219,0.00,9.1,0.0,27,8,11.4
GHCND:USW00094728,NY CITY CENTRAL PARK NY US,20150220,0.00,9.1,0.0,19,2,10.3
GHCND:USW00094728,NY CITY CENTRAL PARK NY US,20150221,0.61,9.1,3.0,32,13,4.5
GHCND:USW00094728,NY CITY CENTRAL PARK NY US,20150222,0.10,13.0,1.0,43,32,2.9
GHCND:USW00094728,NY CITY CENTRAL PARK NY US,20150223,0.00,11.8,0.0,38,8,11.2
GHCND:USW00094728,NY CITY CENTRAL PARK NY US,20150224,0.00,11.8,0.0,24,4,5.8
GHCND:USW00094728,NY CITY CENTRAL PARK NY US,20150225,0.00,11.8,0.0,37,20,6.5
GHCND:USW00094728,NY CITY CENTRAL PARK NY US,20150226,0.00,11.0,0.0,32,21,7.2
GHCND:USW00094728,NY CITY CENTRAL PARK NY US,20150227,0.00,11.0,0.0,30,18,6.0
GHCND:USW00094728,NY CITY CENTRAL PARK NY US,20150228,0.00,11.0,0.0,29,13,3.6
GHCND:USW00094728,NY CITY CENTRAL PARK NY US,20150301,0.52,9.8,4.8,31,24,2.2
GHCND:USW00094728,NY CITY CENTRAL PARK NY US,20150302,0.00,15.0,0.0,39,27,8.1
GHCND:USW00094728,NY CITY CENTRAL PARK NY US,20150303,0.67,14.2,1.8,37,22,4.9
GHCND:USW00094728,NY CITY CENTRAL PARK NY US,20150304,0.25,13.0,0.0,45,35,6.0
GHCND:USW00094728,NY CITY CENTRAL PARK NY US,20150305,0.76,13.0,7.5,40,19,5.8
GHCND:USW00094728,NY CITY CENTRAL PARK NY US,20150306,0.00,18.9,0.0,27,12,6.3
GHCND:USW00094728,NY CITY CENTRAL PARK NY US,20150307,0.00,18.1,0.0,38,18,5.1
GHCND:USW00094728,NY CITY CENTRAL PARK NY US,20150308,0.00,16.1,0.0,49,37,5.1
GHCND:USW00094728,NY CITY CENTRAL PARK NY US,20150309,0.01,13.0,0.0,54,40,4.7
GHCND:USW00094728,NY CITY CENTRAL PARK NY US,20150310,0.46,11.0,0.0,53,39,3.6
GHCND:USW00094728,NY CITY CENTRAL PARK NY US,20150311,0.01,5.9,0.0,59,44,6.9
GHCND:USW00094728,NY CITY CENTRAL PARK NY US,20150312,0.00,3.9,0.0,47,36,8.3
GHCND:USW00094728,NY CITY CENTRAL PARK NY US,20150313,0.00,2.0,0.0,43,31,6.5
GHCND:USW00094728,NY CITY CENTRAL PARK NY US,20150314,0.81,1.2,0.0,51,40,5.6
GHCND:USW00094728,NY CITY CENTRAL PARK NY US,20150315,0.00,0.0,0.0,44,36,11.4
GHCND:USW00094728,NY CITY CENTRAL PARK NY US,20150316,0.00,0.0,0.0,52,35,3.8
GHCND:USW00094728,NY CITY CENTRAL PARK NY US,20150317,0.02,0.0,0.0,57,34,9.6
GHCND:USW00094728,NY CITY CENTRAL PARK NY US,20150318,0.00,0.0,0.0,39,29,9.6
GHCND:USW00094728,NY CITY CENTRAL PARK NY US,20150319,0.00,0.0,0.0,43,29,5.8
GHCND:USW00094728,NY CITY CENTRAL PARK NY US,20150320,0.40,0.0,4.5,38,29,7.8
GHCND:USW00094728,NY CITY CENTRAL PARK NY US,20150321,0.00,5.1,0.0,47,29,5.4
GHCND:USW00094728,NY CITY CENTRAL PARK NY US,20150322,0.00,0.0,0.0,43,28,7.6
GHCND:USW00094728,NY CITY CENTRAL PARK NY US,20150323,0.00,0.0,0.0,38,23,6.7
GHCND:USW00094728,NY CITY CENTRAL PARK NY US,20150324,0.00,0.0,0.0,45,26,4.0
GHCND:USW00094728,NY CITY CENTRAL PARK NY US,20150325,0.05,0.0,0.0,49,34,4.5
GHCND:USW00094728,NY CITY CENTRAL PARK NY US,20150326,0.32,0.0,0.0,62,42,2.9
GHCND:USW00094728,NY CITY CENTRAL PARK NY US,20150327,0.27,0.0,0.0,46,39,4.3
GHCND:USW00094728,NY CITY CENTRAL PARK NY US,20150328,0.00,0.0,0.0,40,26,7.6
GHCND:USW00094728,NY CITY CENTRAL PARK NY US,20150329,0.00,0.0,0.0,46,25,6.3
GHCND:USW00094728,NY CITY CENTRAL PARK NY US,20150330,0.00,0.0,0.0,54,36,7.8
GHCND:USW00094728,NY CITY CENTRAL PARK NY US,20150331,0.17,0.0,0.0,47,35,5.4
GHCND:USW00094728,NY CITY CENTRAL PARK NY US,20150401,0.00,0.0,0.0,51,32,5.1
GHCND:USW00094728,NY CITY CENTRAL PARK NY US,20150402,0.00,0.0,0.0,67,41,6.3
GHCND:USW00094728,NY CITY CENTRAL PARK NY US,20150403,0.04,0.0,0.0,64,59,6.7
GHCND:USW00094728,NY CITY CENTRAL PARK NY US,20150404,0.01,0.0,0.0,60,42,10.1
GHCND:USW00094728,NY CITY CENTRAL PARK NY US,20150405,0.00,0.0,0.0,61,42,4.9
GHCND:USW00094728,NY CITY CENTRAL PARK NY US,20150406,0.00,0.0,0.0,63,42,4.3
GHCND:USW00094728,NY CITY CENTRAL PARK NY US,20150407,0.15,0.0,0.0,62,42,6.9
GHCND:USW00094728,NY CITY CENTRAL PARK NY US,20150408,0.00,0.0,0.0,45,37,11.4
GHCND:USW00094728,NY CITY CENTRAL PARK NY US,20150409,0.00,0.0,0.0,43,37,8.9
GHCND:USW00094728,NY CITY CENTRAL PARK NY US,20150410,0.17,0.0,0.0,56,39,4.7
GHCND:USW00094728,NY CITY CENTRAL PARK NY US,20150411,0.00,0.0,0.0,57,44,8.7
GHCND:USW00094728,NY CITY CENTRAL PARK NY US,20150412,0.00,0.0,0.0,66,43,3.4
GHCND:USW00094728,NY CITY CENTRAL PARK NY US,20150413,0.00,0.0,0.0,68,50,4.7
GHCND:USW00094728,NY CITY CENTRAL PARK NY US,20150414,0.01,0.0,0.0,65,55,3.8
GHCND:USW00094728,NY CITY CENTRAL PARK NY US,20150415,0.00,0.0,0.0,72,51,6.3
GHCND:USW00094728,NY CITY CENTRAL PARK NY US,20150416,0.00,0.0,0.0,64,52,6.5
GHCND:USW00094728,NY CITY CENTRAL PARK NY US,20150417,0.08,0.0,0.0,71,55,5.1
GHCND:USW00094728,NY CITY CENTRAL PARK NY US,20150418,0.00,0.0,0.0,80,59,4.3
GHCND:USW00094728,NY CITY CENTRAL PARK NY US,20150419,0.00,0.0,0.0,64,48,8.5
GHCND:USW00094728,NY CITY CENTRAL PARK NY US,20150420,1.37,0.0,0.0,57,46,7.4
GHCND:USW00094728,NY CITY CENTRAL PARK NY US,20150421,0.20,0.0,0.0,65,52,6.0
GHCND:USW00094728,NY CITY CENTRAL PARK NY US,20150422,0.05,0.0,0.0,69,48,6.5
GHCND:USW00094728,NY CITY CENTRAL PARK NY US,20150423,0.00,0.0,0.0,52,41,9.2
GHCND:USW00094728,NY CITY CENTRAL PARK NY US,20150424,0.00,0.0,0.0,52,39,8.5
GHCND:USW00094728,NY CITY CENTRAL PARK NY US,20150425,0.00,0.0,0.0,62,38,5.6
GHCND:USW00094728,NY CITY CENTRAL PARK NY US,20150426,0.00,0.0,0.0,64,46,5.1
GHCND:USW00094728,NY CITY CENTRAL PARK NY US,20150427,0.00,0.0,0.0,62,49,5.8
GHCND:USW00094728,NY CITY CENTRAL PARK NY US,20150428,0.00,0.0,0.0,71,50,7.8
GHCND:USW00094728,NY CITY CENTRAL PARK NY US,20150429,0.00,0.0,0.0,78,50,5.6
GHCND:USW00094728,NY CITY CENTRAL PARK NY US,20150430,0.00,0.0,0.0,67,48,8.1
GHCND:USW00094728,NY CITY CENTRAL PARK NY US,20150501,0.00,0.0,0.0,63,49,5.1
GHCND:USW00094728,NY CITY CENTRAL PARK NY US,20150502,0.00,0.0,0.0,74,48,2.9
GHCND:USW00094728,NY CITY CENTRAL PARK NY US,20150503,0.00,0.0,0.0,80,51,2.5
GHCND:USW00094728,NY CITY CENTRAL PARK NY US,20150504,0.00,0.0,0.0,85,57,5.4
GHCND:USW00094728,NY CITY CENTRAL PARK NY US,20150505,0.00,0.0,0.0,85,66,4.0
GHCND:USW00094728,NY CITY CENTRAL PARK NY US,20150506,0.00,0.0,0.0,73,59,4.9
GHCND:USW00094728,NY CITY CENTRAL PARK NY US,20150507,0.00,0.0,0.0,80,56,2.2
GHCND:USW00094728,NY CITY CENTRAL PARK NY US,20150508,0.00,0.0,0.0,82,56,2.9
GHCND:USW00094728,NY CITY CENTRAL PARK NY US,20150509,0.00,0.0,0.0,70,57,4.3
GHCND:USW00094728,NY CITY CENTRAL PARK NY US,20150510,0.00,0.0,0.0,83,61,3.6
GHCND:USW00094728,NY CITY CENTRAL PARK NY US,20150511,0.00,0.0,0.0,84,70,3.8
GHCND:USW00094728,NY CITY CENTRAL PARK NY US,20150512,0.00,0.0,0.0,86,64,5.4
GHCND:USW00094728,NY CITY CENTRAL PARK NY US,20150513,0.00,0.0,0.0,70,53,7.4
GHCND:USW00094728,NY CITY CENTRAL PARK NY US,20150514,0.00,0.0,0.0,73,50,3.8
GHCND:USW00094728,NY CITY CENTRAL PARK NY US,20150515,0.00,0.0,0.0,75,55,3.4
GHCND:USW00094728,NY CITY CENTRAL PARK NY US,20150516,0.30,0.0,0.0,75,57,2.0
GHCND:USW00094728,NY CITY CENTRAL PARK NY US,20150517,0.02,0.0,0.0,83,64,2.0
GHCND:USW00094728,NY CITY CENTRAL PARK NY US,20150518,0.00,0.0,0.0,75,60,4.7
GHCND:USW00094728,NY CITY CENTRAL PARK NY US,20150519,0.00,0.0,0.0,80,59,2.5
GHCND:USW00094728,NY CITY CENTRAL PARK NY US,20150520,0.00,0.0,0.0,67,54,6.9
GHCND:USW00094728,NY CITY CENTRAL PARK NY US,20150521,0.00,0.0,0.0,62,52,2.7
GHCND:USW00094728,NY CITY CENTRAL PARK NY US,20150522,0.00,0.0,0.0,74,55,6.0
GHCND:USW00094728,NY CITY CENTRAL PARK NY US,20150523,0.00,0.0,0.0,70,49,4.5
GHCND:USW00094728,NY CITY CENTRAL PARK NY US,20150524,0.00,0.0,0.0,81,56,3.8
GHCND:USW00094728,NY CITY CENTRAL PARK NY US,20150525,0.00,0.0,0.0,85,64,4.9
GHCND:USW00094728,NY CITY CENTRAL PARK NY US,20150526,0.00,0.0,0.0,88,67,5.1
GHCND:USW00094728,NY CITY CENTRAL PARK NY US,20150527,0.08,0.0,0.0,85,70,5.1
GHCND:USW00094728,NY CITY CENTRAL PARK NY US,20150528,0.00,0.0,0.0,85,70,4.0
GHCND:USW00094728,NY CITY CENTRAL PARK NY US,20150529,0.00,0.0,0.0,85,65,4.0
GHCND:USW00094728,NY CITY CENTRAL PARK NY US,20150530,0.00,0.0,0.0,85,67,5.6
GHCND:USW00094728,NY CITY CENTRAL PARK NY US,20150531,1.46,0.0,0.0,87,57,5.6
GHCND:USW00094728,NY CITY CENTRAL PARK NY US,20150601,0.72,0.0,0.0,58,51,10.3
GHCND:USW00094728,NY CITY CENTRAL PARK NY US,20150602,0.37,0.0,0.0,55,50,6.3
GHCND:USW00094728,NY CITY CENTRAL PARK NY US,20150603,0.00,0.0,0.0,70,52,4.7
GHCND:USW00094728,NY CITY CENTRAL PARK NY US,20150604,0.00,0.0,0.0,65,54,5.1
GHCND:USW00094728,NY CITY CENTRAL PARK NY US,20150605,0.13,0.0,0.0,70,55,2.9
GHCND:USW00094728,NY CITY CENTRAL PARK NY US,20150606,0.19,0.0,0.0,76,60,4.7
GHCND:USW00094728,NY CITY CENTRAL PARK NY US,20150607,0.00,0.0,0.0,74,55,3.8
GHCND:USW00094728,NY CITY CENTRAL PARK NY US,20150608,0.06,0.0,0.0,79,63,6.0
GHCND:USW00094728,NY CITY CENTRAL PARK NY US,20150609,0.01,0.0,0.0,83,68,4.9
GHCND:USW00094728,NY CITY CENTRAL PARK NY US,20150610,0.00,0.0,0.0,82,65,3.1
GHCND:USW00094728,NY CITY CENTRAL PARK NY US,20150611,0.00,0.0,0.0,89,72,4.5
GHCND:USW00094728,NY CITY CENTRAL PARK NY US,20150612,0.00,0.0,0.0,88,73,4.5
GHCND:USW00094728,NY CITY CENTRAL PARK NY US,20150613,0.00,0.0,0.0,86,72,5.4
GHCND:USW00094728,NY CITY CENTRAL PARK NY US,20150614,0.36,0.0,0.0,88,66,2.7
GHCND:USW00094728,NY CITY CENTRAL PARK NY US,20150615,0.57,0.0,0.0,83,64,4.7
GHCND:USW00094728,NY CITY CENTRAL PARK NY US,20150616,0.27,0.0,0.0,79,65,2.2
GHCND:USW00094728,NY CITY CENTRAL PARK NY US,20150617,0.00,0.0,0.0,82,66,3.8
GHCND:USW00094728,NY CITY CENTRAL PARK NY US,20150618,0.00,0.0,0.0,71,64,3.6
GHCND:USW00094728,NY CITY CENTRAL PARK NY US,20150619,0.00,0.0,0.0,87,68,3.8
GHCND:USW00094728,NY CITY CENTRAL PARK NY US,20150620,0.00,0.0,0.0,75,64,5.4
GHCND:USW00094728,NY CITY CENTRAL PARK NY US,20150621,0.64,0.0,0.0,88,71,4.5
GHCND:USW00094728,NY CITY CENTRAL PARK NY US,20150622,0.00,0.0,0.0,87,70,4.9
GHCND:USW00094728,NY CITY CENTRAL PARK NY US,20150623,0.02,0.0,0.0,90,75,5.8
GHCND:USW00094728,NY CITY CENTRAL PARK NY US,20150624,0.00,0.0,0.0,84,68,4.7
GHCND:USW00094728,NY CITY CENTRAL PARK NY US,20150625,0.00,0.0,0.0,83,65,3.1
GHCND:USW00094728,NY CITY CENTRAL PARK NY US,20150626,0.00,0.0,0.0,81,69,4.5
GHCND:USW00094728,NY CITY CENTRAL PARK NY US,20150627,1.12,0.0,0.0,71,58,7.4
GHCND:USW00094728,NY CITY CENTRAL PARK NY US,20150628,0.29,0.0,0.0,73,62,5.4
GHCND:USW00094728,NY CITY CENTRAL PARK NY US,20150629,0.00,0.0,0.0,76,63,4.9
GHCND:USW00094728,NY CITY CENTRAL PARK NY US,20150630,0.04,0.0,0.0,82,68,4.9
GHCND:USW00094728,NY CITY CENTRAL PARK NY US,20150701,0.39,0.0,0.0,82,69,4.3
GHCND:USW00094728,NY CITY CENTRAL PARK NY US,20150702,0.00,0.0,0.0,80,69,1.1
GHCND:USW00094728,NY CITY CENTRAL PARK NY US,20150703,0.00,0.0,0.0,82,66,2.9
GHCND:USW00094728,NY CITY CENTRAL PARK NY US,20150704,0.00,0.0,0.0,75,69,3.4
GHCND:USW00094728,NY CITY CENTRAL PARK NY US,20150705,0.00,0.0,0.0,83,68,1.6
GHCND:USW00094728,NY CITY CENTRAL PARK NY US,20150706,0.00,0.0,0.0,83,72,2.9
GHCND:USW00094728,NY CITY CENTRAL PARK NY US,20150707,0.12,0.0,0.0,88,75,4.9
GHCND:USW00094728,NY CITY CENTRAL PARK NY US,20150708,0.00,0.0,0.0,88,77,3.1
GHCND:USW00094728,NY CITY CENTRAL PARK NY US,20150709,0.30,0.0,0.0,79,68,4.7
GHCND:USW00094728,NY CITY CENTRAL PARK NY US,20150710,0.00,0.0,0.0,84,72,4.7
GHCND:USW00094728,NY CITY CENTRAL PARK NY US,20150711,0.00,0.0,0.0,88,69,2.5
GHCND:USW00094728,NY CITY CENTRAL PARK NY US,20150712,0.00,0.0,0.0,89,72,2.0
GHCND:USW00094728,NY CITY CENTRAL PARK NY US,20150713,0.00,0.0,0.0,88,73,2.7
GHCND:USW00094728,NY CITY CENTRAL PARK NY US,20150714,0.42,0.0,0.0,82,73,2.7
GHCND:USW00094728,NY CITY CENTRAL PARK NY US,20150715,0.12,0.0,0.0,81,72,4.5
GHCND:USW00094728,NY CITY CENTRAL PARK NY US,20150716,0.00,0.0,0.0,80,64,5.6
GHCND:USW00094728,NY CITY CENTRAL PARK NY US,20150717,0.00,0.0,0.0,81,67,3.8
GHCND:USW00094728,NY CITY CENTRAL PARK NY US,20150718,0.32,0.0,0.0,85,71,4.5
GHCND:USW00094728,NY CITY CENTRAL PARK NY US,20150719,0.00,0.0,0.0,93,78,3.1
GHCND:USW00094728,NY CITY CENTRAL PARK NY US,20150720,0.00,0.0,0.0,94,82,4.5
GHCND:USW00094728,NY CITY CENTRAL PARK NY US,20150721,0.00,0.0,0.0,89,74,2.5
GHCND:USW00094728,NY CITY CENTRAL PARK NY US,20150722,0.00,0.0,0.0,85,69,5.8
GHCND:USW00094728,NY CITY CENTRAL PARK NY US,20150723,0.00,0.0,0.0,86,68,3.8
GHCND:USW00094728,NY CITY CENTRAL PARK NY US,20150724,0.00,0.0,0.0,87,70,2.0
GHCND:USW00094728,NY CITY CENTRAL PARK NY US,20150725,0.00,0.0,0.0,88,69,3.1
GHCND:USW00094728,NY CITY CENTRAL PARK NY US,20150726,0.00,0.0,0.0,90,74,4.5
GHCND:USW00094728,NY CITY CENTRAL PARK NY US,20150727,0.36,0.0,0.0,86,71,2.9
GHCND:USW00094728,NY CITY CENTRAL PARK NY US,20150728,0.00,0.0,0.0,95,75,2.7
GHCND:USW00094728,NY CITY CENTRAL PARK NY US,20150729,0.00,0.0,0.0,96,78,3.8
GHCND:USW00094728,NY CITY CENTRAL PARK NY US,20150730,1.95,0.0,0.0,87,76,4.3
GHCND:USW00094728,NY CITY CENTRAL PARK NY US,20150731,0.00,0.0,0.0,89,72,3.4
GHCND:USW00094728,NY CITY CENTRAL PARK NY US,20150801,0.00,0.0,0.0,89,75,4.5
GHCND:USW00094728,NY CITY CENTRAL PARK NY US,20150802,0.00,0.0,0.0,89,71,2.0
GHCND:USW00094728,NY CITY CENTRAL PARK NY US,20150803,0.00,0.0,0.0,90,75,4.9
GHCND:USW00094728,NY CITY CENTRAL PARK NY US,20150804,0.43,0.0,0.0,89,69,5.4
GHCND:USW00094728,NY CITY CENTRAL PARK NY US,20150805,0.00,0.0,0.0,87,72,2.9
GHCND:USW00094728,NY CITY CENTRAL PARK NY US,20150806,0.00,0.0,0.0,83,67,2.5
GHCND:USW00094728,NY CITY CENTRAL PARK NY US,20150807,0.00,0.0,0.0,84,69,5.4
GHCND:USW00094728,NY CITY CENTRAL PARK NY US,20150808,0.00,0.0,0.0,82,68,3.8
GHCND:USW00094728,NY CITY CENTRAL PARK NY US,20150809,0.00,0.0,0.0,85,68,3.8
GHCND:USW00094728,NY CITY CENTRAL PARK NY US,20150810,0.00,0.0,0.0,84,70,4.5
GHCND:USW00094728,NY CITY CENTRAL PARK NY US,20150811,1.17,0.0,0.0,81,71,4.3
GHCND:USW00094728,NY CITY CENTRAL PARK NY US,20150812,0.00,0.0,0.0,85,71,4.7
GHCND:USW00094728,NY CITY CENTRAL PARK NY US,20150813,0.00,0.0,0.0,83,67,3.1
GHCND:USW00094728,NY CITY CENTRAL PARK NY US,20150814,0.00,0.0,0.0,88,67,2.9
GHCND:USW00094728,NY CITY CENTRAL PARK NY US,20150815,0.00,0.0,0.0,92,73,3.4
GHCND:USW00094728,NY CITY CENTRAL PARK NY US,20150816,0.00,0.0,0.0,93,76,1.6
GHCND:USW00094728,NY CITY CENTRAL PARK NY US,20150817,0.00,0.0,0.0,95,78,3.4
GHCND:USW00094728,NY CITY CENTRAL PARK NY US,20150818,0.29,0.0,0.0,90,73,4.0
GHCND:USW00094728,NY CITY CENTRAL PARK NY US,20150819,0.00,0.0,0.0,87,77,4.0
GHCND:USW00094728,NY CITY CENTRAL PARK NY US,20150820,0.01,0.0,0.0,86,77,5.6
GHCND:USW00094728,NY CITY CENTRAL PARK NY US,20150821,0.32,0.0,0.0,87,71,4.3
GHCND:USW00094728,NY CITY CENTRAL PARK NY US,20150822,0.00,0.0,0.0,86,69,4.5
GHCND:USW00094728,NY CITY CENTRAL PARK NY US,20150823,0.00,0.0,0.0,85,70,4.0
GHCND:USW00094728,NY CITY CENTRAL PARK NY US,20150824,0.00,0.0,0.0,87,73,2.5
GHCND:USW00094728,NY CITY CENTRAL PARK NY US,20150825,0.00,0.0,0.0,90,73,3.8
GHCND:USW00094728,NY CITY CENTRAL PARK NY US,20150826,0.00,0.0,0.0,85,67,3.8
GHCND:USW00094728,NY CITY CENTRAL PARK NY US,20150827,0.00,0.0,0.0,82,67,3.1
GHCND:USW00094728,NY CITY CENTRAL PARK NY US,20150828,0.00,0.0,0.0,82,63,2.5
GHCND:USW00094728,NY CITY CENTRAL PARK NY US,20150829,0.00,0.0,0.0,87,67,2.0
GHCND:USW00094728,NY CITY CENTRAL PARK NY US,20150830,0.13,0.0,0.0,90,72,4.0
GHCND:USW00094728,NY CITY CENTRAL PARK NY US,20150831,0.00,0.0,0.0,91,76,4.5
GHCND:USW00094728,NY CITY CENTRAL PARK NY US,20150901,0.00,0.0,0.0,90,76,2.2
GHCND:USW00094728,NY CITY CENTRAL PARK NY US,20150902,0.00,0.0,0.0,91,74,1.8
GHCND:USW00094728,NY CITY CENTRAL PARK NY US,20150903,0.00,0.0,0.0,93,74,2.0
GHCND:USW00094728,NY CITY CENTRAL PARK NY US,20150904,0.00,0.0,0.0,85,72,6.9
GHCND:USW00094728,NY CITY CENTRAL PARK NY US,20150905,0.00,0.0,0.0,83,67,4.0
GHCND:USW00094728,NY CITY CENTRAL PARK NY US,20150906,0.00,0.0,0.0,87,65,1.3
GHCND:USW00094728,NY CITY CENTRAL PARK NY US,20150907,0.00,0.0,0.0,92,70,4.3
GHCND:USW00094728,NY CITY CENTRAL PARK NY US,20150908,0.00,0.0,0.0,97,76,4.9
GHCND:USW00094728,NY CITY CENTRAL PARK NY US,20150909,0.00,0.0,0.0,90,76,3.8
GHCND:USW00094728,NY CITY CENTRAL PARK NY US,20150910,1.58,0.0,0.0,79,70,6.3
GHCND:USW00094728,NY CITY CENTRAL PARK NY US,20150911,0.00,0.0,0.0,81,66,5.1
GHCND:USW00094728,NY CITY CENTRAL PARK NY US,20150912,0.29,0.0,0.0,79,69,4.3
GHCND:USW00094728,NY CITY CENTRAL PARK NY US,20150913,0.04,0.0,0.0,80,62,6.3
GHCND:USW00094728,NY CITY CENTRAL PARK NY US,20150914,0.00,0.0,0.0,77,59,6.5
GHCND:USW00094728,NY CITY CENTRAL PARK NY US,20150915,0.00,0.0,0.0,84,62,2.2
GHCND:USW00094728,NY CITY CENTRAL PARK NY US,20150916,0.00,0.0,0.0,88,66,1.3
GHCND:USW00094728,NY CITY CENTRAL PARK NY US,20150917,0.00,0.0,0.0,89,68,2.2
GHCND:USW00094728,NY CITY CENTRAL PARK NY US,20150918,0.00,0.0,0.0,87,68,2.0
GHCND:USW00094728,NY CITY CENTRAL PARK NY US,20150919,0.00,0.0,0.0,83,68,2.7
GHCND:USW00094728,NY CITY CENTRAL PARK NY US,20150920,0.00,0.0,0.0,79,64,7.8
GHCND:USW00094728,NY CITY CENTRAL PARK NY US,20150921,0.00,0.0,0.0,73,59,7.6
GHCND:USW00094728,NY CITY CENTRAL PARK NY US,20150922,0.00,0.0,0.0,71,62,6.9
GHCND:USW00094728,NY CITY CENTRAL PARK NY US,20150923,0.00,0.0,0.0,80,59,2.9
GHCND:USW00094728,NY CITY CENTRAL PARK NY US,20150924,0.00,0.0,0.0,82,60,4.3
GHCND:USW00094728,NY CITY CENTRAL PARK NY US,20150925,0.00,0.0,0.0,76,63,6.3
GHCND:USW00094728,NY CITY CENTRAL PARK NY US,20150926,0.00,0.0,0.0,72,61,6.0
GHCND:USW00094728,NY CITY CENTRAL PARK NY US,20150927,0.00,0.0,0.0,71,56,4.9
GHCND:USW00094728,NY CITY CENTRAL PARK NY US,20150928,0.00,0.0,0.0,78,65,3.4
GHCND:USW00094728,NY CITY CENTRAL PARK NY US,20150929,0.11,0.0,0.0,83,72,2.7
GHCND:USW00094728,NY CITY CENTRAL PARK NY US,20150930,1.26,0.0,0.0,79,59,8.3
GHCND:USW00094728,NY CITY CENTRAL PARK NY US,20151001,0.09,0.0,0.0,64,56,8.7
GHCND:USW00094728,NY CITY CENTRAL PARK NY US,20151002,1.08,0.0,0.0,57,48,12.5
GHCND:USW00094728,NY CITY CENTRAL PARK NY US,20151003,0.35,0.0,0.0,55,49,11.4
GHCND:USW00094728,NY CITY CENTRAL PARK NY US,20151004,0.00,0.0,0.0,63,53,10.7
GHCND:USW00094728,NY CITY CENTRAL PARK NY US,20151005,0.00,0.0,0.0,67,52,6.3
GHCND:USW00094728,NY CITY CENTRAL PARK NY US,20151006,0.00,0.0,0.0,73,52,1.6
GHCND:USW00094728,NY CITY CENTRAL PARK NY US,20151007,0.00,0.0,0.0,73,58,2.9
GHCND:USW00094728,NY CITY CENTRAL PARK NY US,20151008,0.00,0.0,0.0,72,59,3.4
GHCND:USW00094728,NY CITY CENTRAL PARK NY US,20151009,0.89,0.0,0.0,78,61,4.0
GHCND:USW00094728,NY CITY CENTRAL PARK NY US,20151010,0.00,0.0,0.0,65,50,2.5
GHCND:USW00094728,NY CITY CENTRAL PARK NY US,20151011,0.00,0.0,0.0,69,53,3.8
GHCND:USW00094728,NY CITY CENTRAL PARK NY US,20151012,0.00,0.0,0.0,77,56,3.8
GHCND:USW00094728,NY CITY CENTRAL PARK NY US,20151013,0.01,0.0,0.0,72,61,3.6
GHCND:USW00094728,NY CITY CENTRAL PARK NY US,20151014,0.00,0.0,0.0,69,57,3.8
GHCND:USW00094728,NY CITY CENTRAL PARK NY US,20151015,0.00,0.0,0.0,64,51,4.0
GHCND:USW00094728,NY CITY CENTRAL PARK NY US,20151016,0.00,0.0,0.0,64,53,5.4
GHCND:USW00094728,NY CITY CENTRAL PARK NY US,20151017,0.00,0.0,0.0,56,42,5.8
GHCND:USW00094728,NY CITY CENTRAL PARK NY US,20151018,0.00,0.0,0.0,50,38,4.9
GHCND:USW00094728,NY CITY CENTRAL PARK NY US,20151019,0.00,0.0,0.0,53,35,3.8
GHCND:USW00094728,NY CITY CENTRAL PARK NY US,20151020,0.00,0.0,0.0,70,48,6.0
GHCND:USW00094728,NY CITY CENTRAL PARK NY US,20151021,0.00,0.0,0.0,76,57,2.2
GHCND:USW00094728,NY CITY CENTRAL PARK NY US,20151022,0.00,0.0,0.0,75,58,4.7
GHCND:USW00094728,NY CITY CENTRAL PARK NY US,20151023,0.00,0.0,0.0,65,45,6.7
GHCND:USW00094728,NY CITY CENTRAL PARK NY US,20151024,0.00,0.0,0.0,57,40,4.0
GHCND:USW00094728,NY CITY CENTRAL PARK NY US,20151025,0.05,0.0,0.0,68,48,4.9
GHCND:USW00094728,NY CITY CENTRAL PARK NY US,20151026,0.00,0.0,0.0,58,46,3.8
GHCND:USW00094728,NY CITY CENTRAL PARK NY US,20151027,0.00,0.0,0.0,59,45,4.5
GHCND:USW00094728,NY CITY CENTRAL PARK NY US,20151028,1.40,0.0,0.0,69,53,6.7
GHCND:USW00094728,NY CITY CENTRAL PARK NY US,20151029,0.04,0.0,0.0,73,57,6.5
GHCND:USW00094728,NY CITY CENTRAL PARK NY US,20151030,0.00,0.0,0.0,61,48,5.8
GHCND:USW00094728,NY CITY CENTRAL PARK NY US,20151031,0.00,0.0,0.0,56,42,2.9
GHCND:USW00094728,NY CITY CENTRAL PARK NY US,20151101,0.00,0.0,0.0,65,54,4.9
GHCND:USW00094728,NY CITY CENTRAL PARK NY US,20151102,0.00,0.0,0.0,63,54,2.0
GHCND:USW00094728,NY CITY CENTRAL PARK NY US,20151103,0.00,0.0,0.0,72,48,2.5
GHCND:USW00094728,NY CITY CENTRAL PARK NY US,20151104,0.00,0.0,0.0,70,56,2.5
GHCND:USW00094728,NY CITY CENTRAL PARK NY US,20151105,0.01,0.0,0.0,71,56,2.0
GHCND:USW00094728,NY CITY CENTRAL PARK NY US,20151106,0.00,0.0,0.0,74,66,4.7
GHCND:USW00094728,NY CITY CENTRAL PARK NY US,20151107,0.00,0.0,0.0,72,53,4.5
GHCND:USW00094728,NY CITY CENTRAL PARK NY US,20151108,0.00,0.0,0.0,56,46,3.6
GHCND:USW00094728,NY CITY CENTRAL PARK NY US,20151109,0.00,0.0,0.0,59,43,2.0
GHCND:USW00094728,NY CITY CENTRAL PARK NY US,20151110,0.26,0.0,0.0,57,51,9.8
GHCND:USW00094728,NY CITY CENTRAL PARK NY US,20151111,0.43,0.0,0.0,58,49,4.9
GHCND:USW00094728,NY CITY CENTRAL PARK NY US,20151112,0.01,0.0,0.0,61,51,5.6
GHCND:USW00094728,NY CITY CENTRAL PARK NY US,20151113,0.00,0.0,0.0,58,46,10.7
GHCND:USW00094728,NY CITY CENTRAL PARK NY US,20151114,0.00,0.0,0.0,49,42,7.8
GHCND:USW00094728,NY CITY CENTRAL PARK NY US,20151115,0.00,0.0,0.0,58,39,4.7
GHCND:USW00094728,NY CITY CENTRAL PARK NY US,20151116,0.00,0.0,0.0,67,51,4.0
GHCND:USW00094728,NY CITY CENTRAL PARK NY US,20151117,0.00,0.0,0.0,52,40,6.3
GHCND:USW00094728,NY CITY CENTRAL PARK NY US,20151118,0.00,0.0,0.0,58,46,5.1
GHCND:USW00094728,NY CITY CENTRAL PARK NY US,20151119,1.25,0.0,0.0,64,57,5.6
GHCND:USW00094728,NY CITY CENTRAL PARK NY US,20151120,0.00,0.0,0.0,64,46,5.8
GHCND:USW00094728,NY CITY CENTRAL PARK NY US,20151121,0.00,0.0,0.0,53,42,6.5
GHCND:USW00094728,NY CITY CENTRAL PARK NY US,20151122,0.03,0.0,0.0,55,42,6.3
GHCND:USW00094728,NY CITY CENTRAL PARK NY US,20151123,0.00,0.0,0.0,44,33,5.8
GHCND:USW00094728,NY CITY CENTRAL PARK NY US,20151124,0.00,0.0,0.0,46,32,3.8
GHCND:USW00094728,NY CITY CENTRAL PARK NY US,20151125,0.00,0.0,0.0,50,36,2.7
GHCND:USW00094728,NY CITY CENTRAL PARK NY US,20151126,0.00,0.0,0.0,60,41,2.9
GHCND:USW00094728,NY CITY CENTRAL PARK NY US,20151127,0.00,0.0,0.0,64,51,3.8
GHCND:USW00094728,NY CITY CENTRAL PARK NY US,20151128,0.02,0.0,0.0,64,45,-9999
GHCND:USW00094728,NY CITY CENTRAL PARK NY US,20151129,0.00,0.0,0.0,49,38,-9999
GHCND:USW00094728,NY CITY CENTRAL PARK NY US,20151130,0.00,0.0,0.0,47,33,5.6
GHCND:USW00094728,NY CITY CENTRAL PARK NY US,20151201,0.33,0.0,0.0,51,44,6.7
GHCND:USW00094728,NY CITY CENTRAL PARK NY US,20151202,0.14,0.0,0.0,57,46,2.9
GHCND:USW00094728,NY CITY CENTRAL PARK NY US,20151203,0.00,0.0,0.0,55,44,8.5
GHCND:USW00094728,NY CITY CENTRAL PARK NY US,20151204,0.00,0.0,0.0,51,42,4.3
GHCND:USW00094728,NY CITY CENTRAL PARK NY US,20151205,0.00,0.0,0.0,51,40,2.2
GHCND:USW00094728,NY CITY CENTRAL PARK NY US,20151206,0.00,0.0,0.0,53,39,3.4
GHCND:USW00094728,NY CITY CENTRAL PARK NY US,20151207,0.00,0.0,0.0,54,42,3.8
GHCND:USW00094728,NY CITY CENTRAL PARK NY US,20151208,0.00,0.0,0.0,49,41,4.5
GHCND:USW00094728,NY CITY CENTRAL PARK NY US,20151209,0.00,0.0,0.0,55,40,4.3
GHCND:USW00094728,NY CITY CENTRAL PARK NY US,20151210,0.00,0.0,0.0,60,51,4.3
GHCND:USW00094728,NY CITY CENTRAL PARK NY US,20151211,0.00,0.0,0.0,61,50,4.7
GHCND:USW00094728,NY CITY CENTRAL PARK NY US,20151212,0.00,0.0,0.0,66,55,2.0
GHCND:USW00094728,NY CITY CENTRAL PARK NY US,20151213,0.00,0.0,0.0,67,55,3.4
GHCND:USW00094728,NY CITY CENTRAL PARK NY US,20151214,0.33,0.0,0.0,67,53,4.7
GHCND:USW00094728,NY CITY CENTRAL PARK NY US,20151215,0.09,0.0,0.0,68,53,10.5
GHCND:USW00094728,NY CITY CENTRAL PARK NY US,20151216,0.04,0.0,0.0,53,46,5.4
GHCND:USW00094728,NY CITY CENTRAL PARK NY US,20151217,1.21,0.0,0.0,59,50,4.9
GHCND:USW00094728,NY CITY CENTRAL PARK NY US,20151218,0.00,0.0,0.0,57,38,6.7
GHCND:USW00094728,NY CITY CENTRAL PARK NY US,20151219,0.00,0.0,0.0,40,35,9.4
GHCND:USW00094728,NY CITY CENTRAL PARK NY US,20151220,0.00,0.0,0.0,43,34,6.0
GHCND:USW00094728,NY CITY CENTRAL PARK NY US,20151221,0.00,0.0,0.0,56,39,7.2
GHCND:USW00094728,NY CITY CENTRAL PARK NY US,20151222,0.19,0.0,0.0,62,53,4.9
GHCND:USW00094728,NY CITY CENTRAL PARK NY US,20151223,1.55,0.0,0.0,64,52,3.6
GHCND:USW00094728,NY CITY CENTRAL PARK NY US,20151224,0.01,0.0,0.0,72,63,4.5
GHCND:USW00094728,NY CITY CENTRAL PARK NY US,20151225,0.01,0.0,0.0,66,57,0.9
GHCND:USW00094728,NY CITY CENTRAL PARK NY US,20151226,0.00,0.0,0.0,59,47,8.1
GHCND:USW00094728,NY CITY CENTRAL PARK NY US,20151227,0.12,0.0,0.0,61,46,5.8
GHCND:USW00094728,NY CITY CENTRAL PARK NY US,20151228,0.03,0.0,0.0,46,34,8.3
GHCND:USW00094728,NY CITY CENTRAL PARK NY US,20151229,0.45,0.0,0.0,46,34,6.9
GHCND:USW00094728,NY CITY CENTRAL PARK NY US,20151230,0.19,0.0,0.0,48,38,4.0
GHCND:USW00094728,NY CITY CENTRAL PARK NY US,20151231,0.03,0.0,0.0,48,42,5.4
